season,team,games,wins,draws,losses,gf,ga,gd,points,position,current.season.ind,europe.qualification,rel.to
1992–93,Manchester United FC,42,24.0,12.0,6.0,67.0,31.0,36.0,84.0,1,Other,UEFA Champions League,No
1992–93,Aston Villa FC,42,21.0,11.0,10.0,57.0,40.0,17.0,74.0,2,Other,UEFA Cup,No
1992–93,Norwich City FC,42,21.0,9.0,12.0,61.0,65.0,-4.0,72.0,3,Other,UEFA Cup,No
1992–93,Blackburn Rovers FC,42,20.0,11.0,11.0,68.0,46.0,22.0,71.0,4,Other,None,No
1992–93,Queens Park Rangers FC,42,17.0,12.0,13.0,63.0,55.0,8.0,63.0,5,Other,None,No
1992–93,Liverpool FC,42,16.0,11.0,15.0,62.0,55.0,7.0,59.0,6,Other,None,No
1992–93,Sheffield Wednesday FC,42,15.0,14.0,13.0,55.0,51.0,4.0,59.0,7,Other,None,No
1992–93,Tottenham Hotspur FC,42,16.0,11.0,15.0,60.0,66.0,-6.0,59.0,8,Other,None,No
1992–93,Manchester City FC,42,15.0,12.0,15.0,56.0,51.0,5.0,57.0,9,Other,None,No
1992–93,Arsenal FC,42,15.0,11.0,16.0,40.0,38.0,2.0,56.0,10,Other,UEFA Cup Winners Cup,No
1992–93,Chelsea FC,42,14.0,14.0,14.0,51.0,54.0,-3.0,56.0,11,Other,None,No
1992–93,Wimbledon FC,42,14.0,12.0,16.0,56.0,55.0,1.0,54.0,12,Other,None,No
1992–93,Everton FC,42,15.0,8.0,19.0,53.0,55.0,-2.0,53.0,13,Other,None,No
1992–93,Sheffield United FC,42,14.0,10.0,18.0,54.0,53.0,1.0,52.0,14,Other,None,No
1992–93,Coventry City FC,42,13.0,13.0,16.0,52.0,57.0,-5.0,52.0,15,Other,None,No
1992–93,Ipswich Town FC,42,12.0,16.0,14.0,50.0,55.0,-5.0,52.0,16,Other,None,No
1992–93,Leeds United AFC,42,12.0,15.0,15.0,57.0,62.0,-5.0,51.0,17,Other,None,No
1992–93,Southampton FC,42,13.0,11.0,18.0,54.0,61.0,-7.0,50.0,18,Other,None,No
1992–93,Oldham Athletic AFC,42,13.0,10.0,19.0,63.0,74.0,-11.0,49.0,19,Other,None,No
1992–93,Crystal Palace FC,42,11.0,16.0,15.0,48.0,61.0,-13.0,49.0,20,Other,None,Football League First Division
1992–93,Middlesbrough FC,42,11.0,11.0,20.0,54.0,75.0,-21.0,44.0,21,Other,None,Football League First Division
1992–93,Nottingham Forest FC,42,10.0,10.0,22.0,41.0,62.0,-21.0,40.0,22,Other,None,Football League First Division
1993–94,Manchester United FC,42,27.0,11.0,4.0,80.0,38.0,42.0,92.0,1,Other,UEFA Champions League,No
1993–94,Blackburn Rovers FC,42,25.0,9.0,8.0,63.0,36.0,27.0,84.0,2,Other,UEFA Cup,No
1993–94,Newcastle United FC,42,23.0,8.0,11.0,82.0,41.0,41.0,77.0,3,Other,UEFA Cup,No
1993–94,Arsenal FC,42,18.0,17.0,7.0,53.0,28.0,25.0,71.0,4,Other,UEFA Cup Winners Cup,No
1993–94,Leeds United AFC,42,18.0,16.0,8.0,65.0,39.0,26.0,70.0,5,Other,None,No
1993–94,Wimbledon FC,42,18.0,11.0,13.0,56.0,53.0,3.0,65.0,6,Other,None,No
1993–94,Sheffield Wednesday FC,42,16.0,16.0,10.0,76.0,54.0,22.0,64.0,7,Other,None,No
1993–94,Liverpool FC,42,17.0,9.0,16.0,59.0,55.0,4.0,60.0,8,Other,None,No
1993–94,Queens Park Rangers FC,42,16.0,12.0,14.0,62.0,61.0,1.0,60.0,9,Other,None,No
1993–94,Aston Villa FC,42,15.0,12.0,15.0,46.0,50.0,-4.0,57.0,10,Other,UEFA Cup,No
1993–94,Coventry City FC,42,14.0,14.0,14.0,43.0,45.0,-2.0,56.0,11,Other,None,No
1993–94,Norwich City FC,42,12.0,17.0,13.0,65.0,61.0,4.0,53.0,12,Other,None,No
1993–94,West Ham United FC,42,13.0,13.0,16.0,47.0,58.0,-11.0,52.0,13,Other,None,No
1993–94,Chelsea FC,42,13.0,12.0,17.0,49.0,53.0,-4.0,51.0,14,Other,UEFA Cup Winners Cup,No
1993–94,Tottenham Hotspur FC,42,11.0,12.0,19.0,54.0,59.0,-5.0,45.0,15,Other,None,No
1993–94,Manchester City FC,42,9.0,18.0,15.0,38.0,49.0,-11.0,45.0,16,Other,None,No
1993–94,Everton FC,42,12.0,8.0,22.0,42.0,63.0,-21.0,44.0,17,Other,None,No
1993–94,Southampton FC,42,12.0,7.0,23.0,49.0,66.0,-17.0,43.0,18,Other,None,No
1993–94,Ipswich Town FC,42,9.0,16.0,17.0,35.0,58.0,-23.0,43.0,19,Other,None,No
1993–94,Sheffield United FC,42,8.0,18.0,16.0,42.0,60.0,-18.0,42.0,20,Other,None,Football League First Division
1993–94,Oldham Athletic AFC,42,9.0,13.0,20.0,42.0,68.0,-26.0,40.0,21,Other,None,Football League First Division
1993–94,Swindon Town FC,42,5.0,15.0,22.0,47.0,100.0,-53.0,30.0,22,Other,None,Football League First Division
1994–95,Blackburn Rovers FC,42,27.0,8.0,7.0,80.0,39.0,41.0,89.0,1,Other,UEFA Champions League,No
1994–95,Manchester United FC,42,26.0,10.0,6.0,77.0,28.0,49.0,88.0,2,Other,UEFA Cup,No
1994–95,Nottingham Forest FC,42,22.0,11.0,9.0,72.0,43.0,29.0,77.0,3,Other,UEFA Cup,No
1994–95,Liverpool FC,42,21.0,11.0,10.0,65.0,37.0,28.0,74.0,4,Other,UEFA Cup,No
1994–95,Leeds United AFC,42,20.0,13.0,9.0,59.0,38.0,21.0,73.0,5,Other,UEFA Cup,No
1994–95,Newcastle United FC,42,20.0,12.0,10.0,67.0,47.0,20.0,72.0,6,Other,None,No
1994–95,Tottenham Hotspur FC,42,16.0,14.0,12.0,66.0,58.0,8.0,62.0,7,Other,UEFA Intertoto Cup,No
1994–95,Queens Park Rangers FC,42,17.0,9.0,16.0,61.0,59.0,2.0,60.0,8,Other,None,No
1994–95,Wimbledon FC,42,15.0,11.0,16.0,48.0,65.0,-17.0,56.0,9,Other,UEFA Intertoto Cup,No
1994–95,Southampton FC,42,12.0,18.0,12.0,61.0,63.0,-2.0,54.0,10,Other,None,No
1994–95,Chelsea FC,42,13.0,15.0,14.0,50.0,55.0,-5.0,54.0,11,Other,None,No
1994–95,Arsenal FC,42,13.0,12.0,17.0,52.0,49.0,3.0,51.0,12,Other,None,No
1994–95,Sheffield Wednesday FC,42,13.0,12.0,17.0,49.0,57.0,-8.0,51.0,13,Other,UEFA Intertoto Cup,No
1994–95,West Ham United FC,42,13.0,11.0,18.0,44.0,48.0,-4.0,50.0,14,Other,None,No
1994–95,Everton FC,42,11.0,17.0,14.0,44.0,51.0,-7.0,50.0,15,Other,UEFA Cup Winners Cup,No
1994–95,Coventry City FC,42,12.0,14.0,16.0,44.0,62.0,-18.0,50.0,16,Other,None,No
1994–95,Manchester City FC,42,12.0,13.0,17.0,53.0,64.0,-11.0,49.0,17,Other,None,No
1994–95,Aston Villa FC,42,11.0,15.0,16.0,51.0,56.0,-5.0,48.0,18,Other,None,No
1994–95,Crystal Palace FC,42,11.0,12.0,19.0,34.0,49.0,-15.0,45.0,19,Other,None,Football League First Division
1994–95,Norwich City FC,42,10.0,13.0,19.0,37.0,54.0,-17.0,43.0,20,Other,None,Football League First Division
1994–95,Leicester City FC,42,6.0,11.0,25.0,45.0,80.0,-35.0,29.0,21,Other,None,Football League First Division
1994–95,Ipswich Town FC,42,7.0,6.0,29.0,36.0,93.0,-57.0,27.0,22,Other,None,Football League First Division
1995–96,Manchester United FC,38,25.0,7.0,6.0,73.0,35.0,38.0,82.0,1,Other,UEFA Champions League,No
1995–96,Newcastle United FC,38,24.0,6.0,8.0,66.0,37.0,29.0,78.0,2,Other,UEFA Cup,No
1995–96,Liverpool FC,38,20.0,11.0,7.0,70.0,34.0,36.0,71.0,3,Other,UEFA Cup Winners Cup,No
1995–96,Aston Villa FC,38,18.0,9.0,11.0,52.0,35.0,17.0,63.0,4,Other,UEFA Cup,No
1995–96,Arsenal FC,38,17.0,12.0,9.0,49.0,32.0,17.0,63.0,5,Other,UEFA Cup,No
1995–96,Everton FC,38,17.0,10.0,11.0,64.0,44.0,20.0,61.0,6,Other,None,No
1995–96,Blackburn Rovers FC,38,18.0,7.0,13.0,61.0,47.0,14.0,61.0,7,Other,None,No
1995–96,Tottenham Hotspur FC,38,16.0,13.0,9.0,50.0,38.0,12.0,61.0,8,Other,None,No
1995–96,Nottingham Forest FC,38,15.0,13.0,10.0,50.0,54.0,-4.0,58.0,9,Other,None,No
1995–96,West Ham United FC,38,14.0,9.0,15.0,43.0,52.0,-9.0,51.0,10,Other,None,No
1995–96,Chelsea FC,38,12.0,14.0,12.0,46.0,44.0,2.0,50.0,11,Other,None,No
1995–96,Middlesbrough FC,38,11.0,10.0,17.0,35.0,50.0,-15.0,43.0,12,Other,None,No
1995–96,Leeds United AFC,38,12.0,7.0,19.0,40.0,57.0,-17.0,43.0,13,Other,None,No
1995–96,Wimbledon FC,38,10.0,11.0,17.0,55.0,70.0,-15.0,41.0,14,Other,None,No
1995–96,Sheffield Wednesday FC,38,10.0,10.0,18.0,48.0,61.0,-13.0,40.0,15,Other,None,No
1995–96,Coventry City FC,38,8.0,14.0,16.0,42.0,60.0,-18.0,38.0,16,Other,None,No
1995–96,Southampton FC,38,9.0,11.0,18.0,34.0,52.0,-18.0,38.0,17,Other,None,No
1995–96,Manchester City FC,38,9.0,11.0,18.0,33.0,58.0,-25.0,38.0,18,Other,None,Football League First Division
1995–96,Queens Park Rangers FC,38,9.0,6.0,23.0,38.0,57.0,-19.0,33.0,19,Other,None,Football League First Division
1995–96,Bolton Wanderers FC,38,8.0,5.0,25.0,39.0,71.0,-32.0,29.0,20,Other,None,Football League First Division
1996–97,Manchester United FC,38,21.0,12.0,5.0,76.0,44.0,32.0,75.0,1,Other,UEFA Champions League,No
1996–97,Newcastle United FC,38,19.0,11.0,8.0,73.0,40.0,33.0,68.0,2,Other,UEFA Champions League,No
1996–97,Arsenal FC,38,19.0,11.0,8.0,62.0,32.0,30.0,68.0,3,Other,UEFA Cup,No
1996–97,Liverpool FC,38,19.0,11.0,8.0,62.0,37.0,25.0,68.0,4,Other,UEFA Cup,No
1996–97,Aston Villa FC,38,17.0,10.0,11.0,47.0,34.0,13.0,61.0,5,Other,UEFA Cup,No
1996–97,Chelsea FC,38,16.0,11.0,11.0,58.0,55.0,3.0,59.0,6,Other,UEFA Cup Winners Cup,No
1996–97,Sheffield Wednesday FC,38,14.0,15.0,9.0,50.0,51.0,-1.0,57.0,7,Other,None,No
1996–97,Wimbledon FC,38,15.0,11.0,12.0,49.0,46.0,3.0,56.0,8,Other,None,No
1996–97,Leicester City FC,38,12.0,11.0,15.0,46.0,54.0,-8.0,47.0,9,Other,UEFA Cup,No
1996–97,Tottenham Hotspur FC,38,13.0,7.0,18.0,44.0,51.0,-7.0,46.0,10,Other,None,No
1996–97,Leeds United AFC,38,11.0,13.0,14.0,28.0,38.0,-10.0,46.0,11,Other,None,No
1996–97,Derby County FC,38,11.0,13.0,14.0,45.0,58.0,-13.0,46.0,12,Other,None,No
1996–97,Blackburn Rovers FC,38,9.0,15.0,14.0,42.0,43.0,-1.0,42.0,13,Other,None,No
1996–97,Middlesbrough FC,38,10.0,12.0,16.0,51.0,60.0,-9.0,42.0,14,Other,None,No
1996–97,West Ham United FC,38,10.0,12.0,16.0,39.0,48.0,-9.0,42.0,15,Other,None,No
1996–97,Everton FC,38,10.0,12.0,16.0,44.0,57.0,-13.0,42.0,16,Other,None,No
1996–97,Southampton FC,38,10.0,11.0,17.0,50.0,56.0,-6.0,41.0,17,Other,None,No
1996–97,Coventry City FC,38,9.0,14.0,15.0,38.0,54.0,-16.0,41.0,18,Other,None,Football League First Division
1996–97,Sunderland AFC,38,10.0,10.0,18.0,35.0,53.0,-18.0,40.0,19,Other,None,Football League First Division
1996–97,Nottingham Forest FC,38,6.0,16.0,16.0,31.0,59.0,-28.0,34.0,20,Other,None,Football League First Division
1997–98,Arsenal FC,38,23.0,9.0,6.0,68.0,33.0,35.0,78.0,1,Other,UEFA Champions League,No
1997–98,Manchester United FC,38,23.0,8.0,7.0,73.0,26.0,47.0,77.0,2,Other,UEFA Champions League,No
1997–98,Liverpool FC,38,18.0,11.0,9.0,68.0,42.0,26.0,65.0,3,Other,UEFA Cup,No
1997–98,Chelsea FC,38,20.0,3.0,15.0,71.0,43.0,28.0,63.0,4,Other,UEFA Cup Winners Cup,No
1997–98,Leeds United AFC,38,17.0,8.0,13.0,57.0,46.0,11.0,59.0,5,Other,UEFA Cup,No
1997–98,Blackburn Rovers FC,38,16.0,10.0,12.0,57.0,52.0,5.0,58.0,6,Other,UEFA Cup,No
1997–98,Aston Villa FC,38,17.0,6.0,15.0,49.0,48.0,1.0,57.0,7,Other,UEFA Cup,No
1997–98,West Ham United FC,38,16.0,8.0,14.0,56.0,57.0,-1.0,56.0,8,Other,None,No
1997–98,Derby County FC,38,16.0,7.0,15.0,52.0,49.0,3.0,55.0,9,Other,None,No
1997–98,Leicester City FC,38,13.0,14.0,11.0,51.0,41.0,10.0,53.0,10,Other,None,No
1997–98,Coventry City FC,38,12.0,16.0,10.0,46.0,44.0,2.0,52.0,11,Other,None,No
1997–98,Southampton FC,38,14.0,6.0,18.0,50.0,55.0,-5.0,48.0,12,Other,None,No
1997–98,Newcastle United FC,38,11.0,11.0,16.0,35.0,44.0,-9.0,44.0,13,Other,UEFA Cup Winners Cup,No
1997–98,Tottenham Hotspur FC,38,11.0,11.0,16.0,44.0,56.0,-12.0,44.0,14,Other,None,No
1997–98,Wimbledon FC,38,10.0,14.0,14.0,34.0,46.0,-12.0,44.0,15,Other,None,No
1997–98,Sheffield Wednesday FC,38,12.0,8.0,18.0,52.0,67.0,-15.0,44.0,16,Other,None,No
1997–98,Everton FC,38,9.0,13.0,16.0,41.0,56.0,-15.0,40.0,17,Other,None,No
1997–98,Bolton Wanderers FC,38,9.0,13.0,16.0,41.0,61.0,-20.0,40.0,18,Other,None,Football League First Division
1997–98,Barnsley FC,38,10.0,5.0,23.0,37.0,82.0,-45.0,35.0,19,Other,None,Football League First Division
1997–98,Crystal Palace FC,38,8.0,9.0,21.0,37.0,71.0,-34.0,33.0,20,Other,UEFA Intertoto Cup,Football League First Division
1998–99,Manchester United FC,38,22.0,13.0,3.0,80.0,37.0,43.0,79.0,1,Other,UEFA Champions League,No
1998–99,Arsenal FC,38,22.0,12.0,4.0,59.0,17.0,42.0,78.0,2,Other,UEFA Champions League,No
1998–99,Chelsea FC,38,20.0,15.0,3.0,57.0,30.0,27.0,75.0,3,Other,UEFA Champions League,No
1998–99,Leeds United AFC,38,18.0,13.0,7.0,62.0,34.0,28.0,67.0,4,Other,UEFA Cup,No
1998–99,West Ham United FC,38,16.0,9.0,13.0,46.0,53.0,-7.0,57.0,5,Other,UEFA Intertoto Cup,No
1998–99,Aston Villa FC,38,15.0,10.0,13.0,51.0,46.0,5.0,55.0,6,Other,None,No
1998–99,Liverpool FC,38,15.0,9.0,14.0,68.0,49.0,19.0,54.0,7,Other,None,No
1998–99,Derby County FC,38,13.0,13.0,12.0,40.0,45.0,-5.0,52.0,8,Other,None,No
1998–99,Middlesbrough FC,38,12.0,15.0,11.0,48.0,54.0,-6.0,51.0,9,Other,None,No
1998–99,Leicester City FC,38,12.0,13.0,13.0,40.0,46.0,-6.0,49.0,10,Other,None,No
1998–99,Tottenham Hotspur FC,38,11.0,14.0,13.0,47.0,50.0,-3.0,47.0,11,Other,UEFA Cup,No
1998–99,Sheffield Wednesday FC,38,13.0,7.0,18.0,41.0,42.0,-1.0,46.0,12,Other,None,No
1998–99,Newcastle United FC,38,11.0,13.0,14.0,48.0,54.0,-6.0,46.0,13,Other,UEFA Cup,No
1998–99,Everton FC,38,11.0,10.0,17.0,42.0,47.0,-5.0,43.0,14,Other,None,No
1998–99,Coventry City FC,38,11.0,9.0,18.0,39.0,51.0,-12.0,42.0,15,Other,None,No
1998–99,Wimbledon FC,38,10.0,12.0,16.0,40.0,63.0,-23.0,42.0,16,Other,None,No
1998–99,Southampton FC,38,11.0,8.0,19.0,37.0,64.0,-27.0,41.0,17,Other,None,No
1998–99,Charlton Athletic FC,38,8.0,12.0,18.0,41.0,56.0,-15.0,36.0,18,Other,None,Football League First Division
1998–99,Blackburn Rovers FC,38,7.0,14.0,17.0,38.0,52.0,-14.0,35.0,19,Other,None,Football League First Division
1998–99,Nottingham Forest FC,38,7.0,9.0,22.0,35.0,69.0,-34.0,30.0,20,Other,None,Football League First Division
1999–2000,Manchester United FC,38,28.0,7.0,3.0,97.0,45.0,52.0,91.0,1,Other,UEFA Champions League,No
1999–2000,Arsenal FC,38,22.0,7.0,9.0,73.0,43.0,30.0,73.0,2,Other,UEFA Champions League,No
1999–2000,Leeds United AFC,38,21.0,6.0,11.0,58.0,43.0,15.0,69.0,3,Other,UEFA Champions League,No
1999–2000,Liverpool FC,38,19.0,10.0,9.0,51.0,30.0,21.0,67.0,4,Other,UEFA Cup,No
1999–2000,Chelsea FC,38,18.0,11.0,9.0,53.0,34.0,19.0,65.0,5,Other,UEFA Cup,No
1999–2000,Aston Villa FC,38,15.0,13.0,10.0,46.0,35.0,11.0,58.0,6,Other,UEFA Intertoto Cup,No
1999–2000,Sunderland AFC,38,16.0,10.0,12.0,57.0,56.0,1.0,58.0,7,Other,None,No
1999–2000,Leicester City FC,38,16.0,7.0,15.0,55.0,55.0,0.0,55.0,8,Other,UEFA Cup,No
1999–2000,West Ham United FC,38,15.0,10.0,13.0,52.0,53.0,-1.0,55.0,9,Other,None,No
1999–2000,Tottenham Hotspur FC,38,15.0,8.0,15.0,57.0,49.0,8.0,53.0,10,Other,None,No
1999–2000,Newcastle United FC,38,14.0,10.0,14.0,63.0,54.0,9.0,52.0,11,Other,None,No
1999–2000,Middlesbrough FC,38,14.0,10.0,14.0,46.0,52.0,-6.0,52.0,12,Other,None,No
1999–2000,Everton FC,38,12.0,14.0,12.0,59.0,49.0,10.0,50.0,13,Other,None,No
1999–2000,Coventry City FC,38,12.0,8.0,18.0,47.0,54.0,-7.0,44.0,14,Other,None,No
1999–2000,Southampton FC,38,12.0,8.0,18.0,45.0,62.0,-17.0,44.0,15,Other,None,No
1999–2000,Derby County FC,38,9.0,11.0,18.0,44.0,57.0,-13.0,38.0,16,Other,None,No
1999–2000,Bradford City AFC,38,9.0,9.0,20.0,38.0,68.0,-30.0,36.0,17,Other,None,No
1999–2000,Wimbledon FC,38,7.0,12.0,19.0,46.0,74.0,-28.0,33.0,18,Other,None,Football League First Division
1999–2000,Sheffield Wednesday FC,38,8.0,7.0,23.0,38.0,70.0,-32.0,31.0,19,Other,None,Football League First Division
1999–2000,Watford FC,38,6.0,6.0,26.0,35.0,77.0,-42.0,24.0,20,Other,None,Football League First Division
2000–01,Manchester United FC,38,24.0,8.0,6.0,79.0,31.0,48.0,80.0,1,Other,UEFA Champions League,No
2000–01,Arsenal FC,38,20.0,10.0,8.0,63.0,38.0,25.0,70.0,2,Other,UEFA Champions League,No
2000–01,Liverpool FC,38,20.0,9.0,9.0,71.0,39.0,32.0,69.0,3,Other,UEFA Champions League,No
2000–01,Leeds United AFC,38,20.0,8.0,10.0,64.0,43.0,21.0,68.0,4,Other,UEFA Cup,No
2000–01,Ipswich Town FC,38,20.0,6.0,12.0,57.0,42.0,15.0,66.0,5,Other,UEFA Cup,No
2000–01,Chelsea FC,38,17.0,10.0,11.0,68.0,45.0,23.0,61.0,6,Other,UEFA Cup,No
2000–01,Sunderland AFC,38,15.0,12.0,11.0,46.0,41.0,5.0,57.0,7,Other,None,No
2000–01,Aston Villa FC,38,13.0,15.0,10.0,46.0,43.0,3.0,54.0,8,Other,UEFA Intertoto Cup,No
2000–01,Charlton Athletic FC,38,14.0,10.0,14.0,50.0,57.0,-7.0,52.0,9,Other,None,No
2000–01,Southampton FC,38,14.0,10.0,14.0,40.0,48.0,-8.0,52.0,10,Other,None,No
2000–01,Newcastle United FC,38,14.0,9.0,15.0,44.0,50.0,-6.0,51.0,11,Other,UEFA Intertoto Cup,No
2000–01,Tottenham Hotspur FC,38,13.0,10.0,15.0,47.0,54.0,-7.0,49.0,12,Other,None,No
2000–01,Leicester City FC,38,14.0,6.0,18.0,39.0,51.0,-12.0,48.0,13,Other,None,No
2000–01,Middlesbrough FC,38,9.0,15.0,14.0,44.0,44.0,0.0,42.0,14,Other,None,No
2000–01,West Ham United FC,38,10.0,12.0,16.0,45.0,50.0,-5.0,42.0,15,Other,None,No
2000–01,Everton FC,38,11.0,9.0,18.0,45.0,59.0,-14.0,42.0,16,Other,None,No
2000–01,Derby County FC,38,10.0,12.0,16.0,37.0,59.0,-22.0,42.0,17,Other,None,No
2000–01,Manchester City FC,38,8.0,10.0,20.0,41.0,65.0,-24.0,34.0,18,Other,None,Football League First Division
2000–01,Coventry City FC,38,8.0,10.0,20.0,36.0,63.0,-27.0,34.0,19,Other,None,Football League First Division
2000–01,Bradford City AFC,38,5.0,11.0,22.0,30.0,70.0,-40.0,26.0,20,Other,None,Football League First Division
2001–02,Arsenal FC,38,26.0,9.0,3.0,79.0,36.0,43.0,87.0,1,Other,UEFA Champions League,No
2001–02,Liverpool FC,38,24.0,8.0,6.0,67.0,30.0,37.0,80.0,2,Other,UEFA Champions League,No
2001–02,Manchester United FC,38,24.0,5.0,9.0,87.0,45.0,42.0,77.0,3,Other,UEFA Champions League,No
2001–02,Newcastle United FC,38,21.0,8.0,9.0,74.0,52.0,22.0,71.0,4,Other,UEFA Champions League,No
2001–02,Leeds United AFC,38,18.0,12.0,8.0,53.0,37.0,16.0,66.0,5,Other,UEFA Cup,No
2001–02,Chelsea FC,38,17.0,13.0,8.0,66.0,38.0,28.0,64.0,6,Other,UEFA Cup,No
2001–02,West Ham United FC,38,15.0,8.0,15.0,48.0,57.0,-9.0,53.0,7,Other,None,No
2001–02,Aston Villa FC,38,12.0,14.0,12.0,46.0,47.0,-1.0,50.0,8,Other,UEFA Intertoto Cup,No
2001–02,Tottenham Hotspur FC,38,14.0,8.0,16.0,49.0,53.0,-4.0,50.0,9,Other,None,No
2001–02,Blackburn Rovers FC,38,12.0,10.0,16.0,55.0,51.0,4.0,46.0,10,Other,UEFA Cup,No
2001–02,Southampton FC,38,12.0,9.0,17.0,46.0,54.0,-8.0,45.0,11,Other,None,No
2001–02,Middlesbrough FC,38,12.0,9.0,17.0,35.0,47.0,-12.0,45.0,12,Other,None,No
2001–02,Fulham FC,38,10.0,14.0,14.0,36.0,44.0,-8.0,44.0,13,Other,UEFA Intertoto Cup,No
2001–02,Charlton Athletic FC,38,10.0,14.0,14.0,38.0,49.0,-11.0,44.0,14,Other,None,No
2001–02,Everton FC,38,11.0,10.0,17.0,45.0,57.0,-12.0,43.0,15,Other,None,No
2001–02,Bolton Wanderers FC,38,9.0,13.0,16.0,44.0,62.0,-18.0,40.0,16,Other,None,No
2001–02,Sunderland AFC,38,10.0,10.0,18.0,29.0,51.0,-22.0,40.0,17,Other,None,No
2001–02,Ipswich Town FC,38,9.0,9.0,20.0,41.0,64.0,-23.0,36.0,18,Other,UEFA Cup,Football League First Division
2001–02,Derby County FC,38,8.0,6.0,24.0,33.0,63.0,-30.0,30.0,19,Other,None,Football League First Division
2001–02,Leicester City FC,38,5.0,13.0,20.0,30.0,64.0,-34.0,28.0,20,Other,None,Football League First Division
2002–03,Manchester United FC,38,25.0,8.0,5.0,74.0,34.0,40.0,83.0,1,Other,UEFA Champions League,No
2002–03,Arsenal FC,38,23.0,9.0,6.0,85.0,42.0,43.0,78.0,2,Other,UEFA Champions League,No
2002–03,Newcastle United FC,38,21.0,6.0,11.0,63.0,48.0,15.0,69.0,3,Other,UEFA Champions League,No
2002–03,Chelsea FC,38,19.0,10.0,9.0,68.0,38.0,30.0,67.0,4,Other,UEFA Champions League,No
2002–03,Liverpool FC,38,18.0,10.0,10.0,61.0,41.0,20.0,64.0,5,Other,UEFA Cup,No
2002–03,Blackburn Rovers FC,38,16.0,12.0,10.0,52.0,43.0,9.0,60.0,6,Other,UEFA Cup,No
2002–03,Everton FC,38,17.0,8.0,13.0,48.0,49.0,-1.0,59.0,7,Other,None,No
2002–03,Southampton FC,38,13.0,13.0,12.0,43.0,46.0,-3.0,52.0,8,Other,UEFA Cup,No
2002–03,Manchester City FC,38,15.0,6.0,17.0,47.0,54.0,-7.0,51.0,9,Other,UEFA Cup,No
2002–03,Tottenham Hotspur FC,38,14.0,8.0,16.0,51.0,62.0,-11.0,50.0,10,Other,None,No
2002–03,Middlesbrough FC,38,13.0,10.0,15.0,48.0,44.0,4.0,49.0,11,Other,None,No
2002–03,Charlton Athletic FC,38,14.0,7.0,17.0,45.0,56.0,-11.0,49.0,12,Other,None,No
2002–03,Birmingham City FC,38,13.0,9.0,16.0,41.0,49.0,-8.0,48.0,13,Other,None,No
2002–03,Fulham FC,38,13.0,9.0,16.0,41.0,50.0,-9.0,48.0,14,Other,None,No
2002–03,Leeds United AFC,38,14.0,5.0,19.0,58.0,57.0,1.0,47.0,15,Other,None,No
2002–03,Aston Villa FC,38,12.0,9.0,17.0,42.0,47.0,-5.0,45.0,16,Other,None,No
2002–03,Bolton Wanderers FC,38,10.0,14.0,14.0,41.0,51.0,-10.0,44.0,17,Other,None,No
2002–03,West Ham United FC,38,10.0,12.0,16.0,42.0,59.0,-17.0,42.0,18,Other,None,Football League First Division
2002–03,West Bromwich Albion FC,38,6.0,8.0,24.0,29.0,65.0,-36.0,26.0,19,Other,None,Football League First Division
2002–03,Sunderland AFC,38,4.0,7.0,27.0,21.0,65.0,-44.0,19.0,20,Other,None,Football League First Division
2003–04,Arsenal FC,38,26.0,12.0,0.0,73.0,26.0,47.0,90.0,1,Other,UEFA Champions League,No
2003–04,Chelsea FC,38,24.0,7.0,7.0,67.0,30.0,37.0,79.0,2,Other,UEFA Champions League,No
2003–04,Manchester United FC,38,23.0,6.0,9.0,64.0,35.0,29.0,75.0,3,Other,UEFA Champions League,No
2003–04,Liverpool FC,38,16.0,12.0,10.0,55.0,37.0,18.0,60.0,4,Other,UEFA Champions League,No
2003–04,Newcastle United FC,38,13.0,17.0,8.0,52.0,40.0,12.0,56.0,5,Other,UEFA Cup,No
2003–04,Aston Villa FC,38,15.0,11.0,12.0,48.0,44.0,4.0,56.0,6,Other,None,No
2003–04,Charlton Athletic FC,38,14.0,11.0,13.0,51.0,51.0,0.0,53.0,7,Other,None,No
2003–04,Bolton Wanderers FC,38,14.0,11.0,13.0,48.0,56.0,-8.0,53.0,8,Other,None,No
2003–04,Fulham FC,38,14.0,10.0,14.0,52.0,46.0,6.0,52.0,9,Other,None,No
2003–04,Birmingham City FC,38,12.0,14.0,12.0,43.0,48.0,-5.0,50.0,10,Other,None,No
2003–04,Middlesbrough FC,38,13.0,9.0,16.0,44.0,52.0,-8.0,48.0,11,Other,UEFA Cup,No
2003–04,Southampton FC,38,12.0,11.0,15.0,44.0,45.0,-1.0,47.0,12,Other,None,No
2003–04,Portsmouth FC,38,12.0,9.0,17.0,47.0,54.0,-7.0,45.0,13,Other,None,No
2003–04,Tottenham Hotspur FC,38,13.0,6.0,19.0,47.0,57.0,-10.0,45.0,14,Other,None,No
2003–04,Blackburn Rovers FC,38,12.0,8.0,18.0,51.0,59.0,-8.0,44.0,15,Other,None,No
2003–04,Manchester City FC,38,9.0,14.0,15.0,55.0,54.0,1.0,41.0,16,Other,None,No
2003–04,Everton FC,38,9.0,12.0,17.0,45.0,57.0,-12.0,39.0,17,Other,None,No
2003–04,Leicester City FC,38,6.0,15.0,17.0,48.0,65.0,-17.0,33.0,18,Other,None,Football League Championship
2003–04,Leeds United AFC,38,8.0,9.0,21.0,40.0,79.0,-39.0,33.0,19,Other,None,Football League Championship
2003–04,Wolverhampton Wanderers FC,38,7.0,12.0,19.0,38.0,77.0,-39.0,33.0,20,Other,None,Football League Championship
2004–05,Chelsea FC,38,29.0,8.0,1.0,72.0,15.0,57.0,95.0,1,Other,UEFA Champions League,No
2004–05,Arsenal FC,38,25.0,8.0,5.0,87.0,36.0,51.0,83.0,2,Other,UEFA Champions League,No
2004–05,Manchester United FC,38,22.0,11.0,5.0,58.0,26.0,32.0,77.0,3,Other,UEFA Champions League,No
2004–05,Everton FC,38,18.0,7.0,13.0,45.0,46.0,-1.0,61.0,4,Other,UEFA Champions League,No
2004–05,Liverpool FC,38,17.0,7.0,14.0,52.0,41.0,11.0,58.0,5,Other,UEFA Champions League,No
2004–05,Bolton Wanderers FC,38,16.0,10.0,12.0,49.0,44.0,5.0,58.0,6,Other,UEFA Cup,No
2004–05,Middlesbrough FC,38,14.0,13.0,11.0,53.0,46.0,7.0,55.0,7,Other,UEFA Cup,No
2004–05,Manchester City FC,38,13.0,13.0,12.0,47.0,39.0,8.0,52.0,8,Other,None,No
2004–05,Tottenham Hotspur FC,38,14.0,10.0,14.0,47.0,41.0,6.0,52.0,9,Other,None,No
2004–05,Aston Villa FC,38,12.0,11.0,15.0,45.0,52.0,-7.0,47.0,10,Other,None,No
2004–05,Charlton Athletic FC,38,12.0,10.0,16.0,42.0,58.0,-16.0,46.0,11,Other,None,No
2004–05,Birmingham City FC,38,11.0,12.0,15.0,40.0,46.0,-6.0,45.0,12,Other,None,No
2004–05,Fulham FC,38,12.0,8.0,18.0,52.0,60.0,-8.0,44.0,13,Other,None,No
2004–05,Newcastle United FC,38,10.0,14.0,14.0,47.0,57.0,-10.0,44.0,14,Other,UEFA Intertoto Cup,No
2004–05,Blackburn Rovers FC,38,9.0,15.0,14.0,32.0,43.0,-11.0,42.0,15,Other,None,No
2004–05,Portsmouth FC,38,10.0,9.0,19.0,43.0,59.0,-16.0,39.0,16,Other,None,No
2004–05,West Bromwich Albion FC,38,6.0,16.0,16.0,36.0,61.0,-25.0,34.0,17,Other,None,No
2004–05,Crystal Palace FC,38,7.0,12.0,19.0,41.0,62.0,-21.0,33.0,18,Other,None,Football League Championship
2004–05,Norwich City FC,38,7.0,12.0,19.0,42.0,77.0,-35.0,33.0,19,Other,None,Football League Championship
2004–05,Southampton FC,38,6.0,14.0,18.0,45.0,66.0,-21.0,32.0,20,Other,None,Football League Championship
2005–06,Chelsea FC,38,29.0,4.0,5.0,72.0,22.0,50.0,91.0,1,Other,UEFA Champions League,No
2005–06,Manchester United FC,38,25.0,8.0,5.0,72.0,34.0,38.0,83.0,2,Other,UEFA Champions League,No
2005–06,Liverpool FC,38,25.0,7.0,6.0,57.0,25.0,32.0,82.0,3,Other,UEFA Champions League,No
2005–06,Arsenal FC,38,20.0,7.0,11.0,68.0,31.0,37.0,67.0,4,Other,UEFA Champions League,No
2005–06,Tottenham Hotspur FC,38,18.0,11.0,9.0,53.0,38.0,15.0,65.0,5,Other,UEFA Cup,No
2005–06,Blackburn Rovers FC,38,19.0,6.0,13.0,51.0,42.0,9.0,63.0,6,Other,UEFA Cup,No
2005–06,Newcastle United FC,38,17.0,7.0,14.0,47.0,42.0,5.0,58.0,7,Other,UEFA Intertoto Cup,No
2005–06,Bolton Wanderers FC,38,15.0,11.0,12.0,49.0,41.0,8.0,56.0,8,Other,None,No
2005–06,West Ham United FC,38,16.0,7.0,15.0,52.0,55.0,-3.0,55.0,9,Other,UEFA Cup,No
2005–06,Wigan Athletic AFC,38,15.0,6.0,17.0,45.0,52.0,-7.0,51.0,10,Other,None,No
2005–06,Everton FC,38,14.0,8.0,16.0,34.0,49.0,-15.0,50.0,11,Other,None,No
2005–06,Fulham FC,38,14.0,6.0,18.0,48.0,58.0,-10.0,48.0,12,Other,None,No
2005–06,Charlton Athletic FC,38,13.0,8.0,17.0,41.0,55.0,-14.0,47.0,13,Other,None,No
2005–06,Middlesbrough FC,38,12.0,9.0,17.0,48.0,58.0,-10.0,45.0,14,Other,None,No
2005–06,Manchester City FC,38,13.0,4.0,21.0,43.0,48.0,-5.0,43.0,15,Other,None,No
2005–06,Aston Villa FC,38,10.0,12.0,16.0,42.0,55.0,-13.0,42.0,16,Other,None,No
2005–06,Portsmouth FC,38,10.0,8.0,20.0,37.0,62.0,-25.0,38.0,17,Other,None,No
2005–06,Birmingham City FC,38,8.0,10.0,20.0,28.0,50.0,-22.0,34.0,18,Other,None,Football League Championship
2005–06,West Bromwich Albion FC,38,7.0,9.0,22.0,31.0,58.0,-27.0,30.0,19,Other,None,Football League Championship
2005–06,Sunderland AFC,38,3.0,6.0,29.0,26.0,69.0,-43.0,15.0,20,Other,None,Football League Championship
2006–07,Manchester United FC,38,28.0,5.0,5.0,83.0,27.0,56.0,89.0,1,Other,UEFA Champions League,No
2006–07,Chelsea FC,38,24.0,11.0,3.0,64.0,24.0,40.0,83.0,2,Other,UEFA Champions League,No
2006–07,Liverpool FC,38,20.0,8.0,10.0,57.0,27.0,30.0,68.0,3,Other,UEFA Champions League,No
2006–07,Arsenal FC,38,19.0,11.0,8.0,63.0,35.0,28.0,68.0,4,Other,UEFA Champions League,No
2006–07,Tottenham Hotspur FC,38,17.0,9.0,12.0,57.0,54.0,3.0,60.0,5,Other,UEFA Cup,No
2006–07,Everton FC,38,15.0,13.0,10.0,52.0,36.0,16.0,58.0,6,Other,UEFA Cup,No
2006–07,Bolton Wanderers FC,38,16.0,8.0,14.0,47.0,52.0,-5.0,56.0,7,Other,UEFA Cup,No
2006–07,Reading FC,38,16.0,7.0,15.0,52.0,47.0,5.0,55.0,8,Other,None,No
2006–07,Portsmouth FC,38,14.0,12.0,12.0,45.0,42.0,3.0,54.0,9,Other,None,No
2006–07,Blackburn Rovers FC,38,15.0,7.0,16.0,52.0,54.0,-2.0,52.0,10,Other,UEFA Intertoto Cup,No
2006–07,Aston Villa FC,38,11.0,17.0,10.0,43.0,41.0,2.0,50.0,11,Other,None,No
2006–07,Middlesbrough FC,38,12.0,10.0,16.0,44.0,49.0,-5.0,46.0,12,Other,None,No
2006–07,Newcastle United FC,38,11.0,10.0,17.0,38.0,47.0,-9.0,43.0,13,Other,None,No
2006–07,Manchester City FC,38,11.0,9.0,18.0,29.0,44.0,-15.0,42.0,14,Other,None,No
2006–07,West Ham United FC,38,12.0,5.0,21.0,35.0,59.0,-24.0,41.0,15,Other,None,No
2006–07,Fulham FC,38,8.0,15.0,15.0,38.0,60.0,-22.0,39.0,16,Other,None,No
2006–07,Wigan Athletic AFC,38,10.0,8.0,20.0,37.0,59.0,-22.0,38.0,17,Other,None,No
2006–07,Sheffield United FC,38,10.0,8.0,20.0,32.0,55.0,-23.0,38.0,18,Other,None,Football League Championship
2006–07,Charlton Athletic FC,38,8.0,10.0,20.0,34.0,60.0,-26.0,34.0,19,Other,None,Football League Championship
2006–07,Watford FC,38,5.0,13.0,20.0,29.0,59.0,-30.0,28.0,20,Other,None,Football League Championship
2007–08,Manchester United FC,38,27.0,6.0,5.0,80.0,22.0,58.0,87.0,1,Other,UEFA Champions League,No
2007–08,Chelsea FC,38,25.0,10.0,3.0,65.0,26.0,39.0,85.0,2,Other,UEFA Champions League,No
2007–08,Arsenal FC,38,24.0,11.0,3.0,74.0,31.0,43.0,83.0,3,Other,UEFA Champions League,No
2007–08,Liverpool FC,38,21.0,13.0,4.0,67.0,28.0,39.0,76.0,4,Other,UEFA Champions League,No
2007–08,Everton FC,38,19.0,8.0,11.0,55.0,33.0,22.0,65.0,5,Other,UEFA Cup,No
2007–08,Aston Villa FC,38,16.0,12.0,10.0,71.0,51.0,20.0,60.0,6,Other,UEFA Intertoto Cup,No
2007–08,Blackburn Rovers FC,38,15.0,13.0,10.0,50.0,48.0,2.0,58.0,7,Other,None,No
2007–08,Portsmouth FC,38,16.0,9.0,13.0,48.0,40.0,8.0,57.0,8,Other,UEFA Cup,No
2007–08,Manchester City FC,38,15.0,10.0,13.0,45.0,53.0,-8.0,55.0,9,Other,UEFA Cup,No
2007–08,West Ham United FC,38,13.0,10.0,15.0,42.0,50.0,-8.0,49.0,10,Other,None,No
2007–08,Tottenham Hotspur FC,38,11.0,13.0,14.0,66.0,61.0,5.0,46.0,11,Other,UEFA Cup,No
2007–08,Newcastle United FC,38,11.0,10.0,17.0,45.0,65.0,-20.0,43.0,12,Other,None,No
2007–08,Middlesbrough FC,38,10.0,12.0,16.0,43.0,53.0,-10.0,42.0,13,Other,None,No
2007–08,Wigan Athletic AFC,38,10.0,10.0,18.0,34.0,51.0,-17.0,40.0,14,Other,None,No
2007–08,Sunderland AFC,38,11.0,6.0,21.0,36.0,59.0,-23.0,39.0,15,Other,None,No
2007–08,Bolton Wanderers FC,38,9.0,10.0,19.0,36.0,54.0,-18.0,37.0,16,Other,None,No
2007–08,Fulham FC,38,8.0,12.0,18.0,38.0,60.0,-22.0,36.0,17,Other,None,No
2007–08,Reading FC,38,10.0,6.0,22.0,41.0,66.0,-25.0,36.0,18,Other,None,Football League Championship
2007–08,Birmingham City FC,38,8.0,11.0,19.0,46.0,62.0,-16.0,35.0,19,Other,None,Football League Championship
2007–08,Derby County FC,38,1.0,8.0,29.0,20.0,89.0,-69.0,11.0,20,Other,None,Football League Championship
2008–09,Manchester United FC,38,28.0,6.0,4.0,68.0,24.0,44.0,90.0,1,Other,UEFA Champions League,No
2008–09,Liverpool FC,38,25.0,11.0,2.0,77.0,27.0,50.0,86.0,2,Other,UEFA Champions League,No
2008–09,Chelsea FC,38,25.0,8.0,5.0,68.0,24.0,44.0,83.0,3,Other,UEFA Champions League,No
2008–09,Arsenal FC,38,20.0,12.0,6.0,68.0,37.0,31.0,72.0,4,Other,UEFA Champions League,No
2008–09,Everton FC,38,17.0,12.0,9.0,55.0,37.0,18.0,63.0,5,Other,UEFA Europa League,No
2008–09,Aston Villa FC,38,17.0,11.0,10.0,54.0,48.0,6.0,62.0,6,Other,UEFA Europa League,No
2008–09,Fulham FC,38,14.0,11.0,13.0,39.0,34.0,5.0,53.0,7,Other,UEFA Europa League,No
2008–09,Tottenham Hotspur FC,38,14.0,9.0,15.0,45.0,45.0,0.0,51.0,8,Other,None,No
2008–09,West Ham United FC,38,14.0,9.0,15.0,42.0,45.0,-3.0,51.0,9,Other,None,No
2008–09,Manchester City FC,38,15.0,5.0,18.0,58.0,50.0,8.0,50.0,10,Other,None,No
2008–09,Wigan Athletic AFC,38,12.0,9.0,17.0,34.0,45.0,-11.0,45.0,11,Other,None,No
2008–09,Stoke City FC,38,12.0,9.0,17.0,38.0,55.0,-17.0,45.0,12,Other,None,No
2008–09,Bolton Wanderers FC,38,11.0,8.0,19.0,41.0,53.0,-12.0,41.0,13,Other,None,No
2008–09,Portsmouth FC,38,10.0,11.0,17.0,38.0,57.0,-19.0,41.0,14,Other,None,No
2008–09,Blackburn Rovers FC,38,10.0,11.0,17.0,40.0,60.0,-20.0,41.0,15,Other,None,No
2008–09,Sunderland AFC,38,9.0,9.0,20.0,34.0,54.0,-20.0,36.0,16,Other,None,No
2008–09,Hull City AFC,38,8.0,11.0,19.0,39.0,64.0,-25.0,35.0,17,Other,None,No
2008–09,Newcastle United FC,38,7.0,13.0,18.0,40.0,59.0,-19.0,34.0,18,Other,None,Football League Championship
2008–09,Middlesbrough FC,38,7.0,11.0,20.0,28.0,57.0,-29.0,32.0,19,Other,None,Football League Championship
2008–09,West Bromwich Albion FC,38,8.0,8.0,22.0,36.0,67.0,-31.0,32.0,20,Other,None,Football League Championship
2009–10,Chelsea FC,38,27.0,5.0,6.0,103.0,32.0,71.0,86.0,1,Other,UEFA Champions League,No
2009–10,Manchester United FC,38,27.0,4.0,7.0,86.0,28.0,58.0,85.0,2,Other,UEFA Champions League,No
2009–10,Arsenal FC,38,23.0,6.0,9.0,83.0,41.0,42.0,75.0,3,Other,UEFA Champions League,No
2009–10,Tottenham Hotspur FC,38,21.0,7.0,10.0,67.0,41.0,26.0,70.0,4,Other,UEFA Champions League,No
2009–10,Manchester City FC,38,18.0,13.0,7.0,73.0,45.0,28.0,67.0,5,Other,UEFA Europa League,No
2009–10,Aston Villa FC,38,17.0,13.0,8.0,52.0,39.0,13.0,64.0,6,Other,UEFA Europa League,No
2009–10,Liverpool FC,38,18.0,9.0,11.0,61.0,35.0,26.0,63.0,7,Other,UEFA Europa League,No
2009–10,Everton FC,38,16.0,13.0,9.0,60.0,49.0,11.0,61.0,8,Other,None,No
2009–10,Birmingham City FC,38,13.0,11.0,14.0,38.0,47.0,-9.0,50.0,9,Other,None,No
2009–10,Blackburn Rovers FC,38,13.0,11.0,14.0,41.0,55.0,-14.0,50.0,10,Other,None,No
2009–10,Stoke City FC,38,11.0,14.0,13.0,34.0,48.0,-14.0,47.0,11,Other,None,No
2009–10,Fulham FC,38,12.0,10.0,16.0,39.0,46.0,-7.0,46.0,12,Other,None,No
2009–10,Sunderland AFC,38,11.0,11.0,16.0,48.0,56.0,-8.0,44.0,13,Other,None,No
2009–10,Bolton Wanderers FC,38,10.0,9.0,19.0,42.0,67.0,-25.0,39.0,14,Other,None,No
2009–10,Wolverhampton Wanderers FC,38,9.0,11.0,18.0,32.0,56.0,-24.0,38.0,15,Other,None,No
2009–10,Wigan Athletic AFC,38,9.0,9.0,20.0,37.0,79.0,-42.0,36.0,16,Other,None,No
2009–10,West Ham United FC,38,8.0,11.0,19.0,47.0,66.0,-19.0,35.0,17,Other,None,No
2009–10,Burnley FC,38,8.0,6.0,24.0,42.0,82.0,-40.0,30.0,18,Other,None,Football League Championship
2009–10,Hull City AFC,38,6.0,12.0,20.0,34.0,75.0,-41.0,30.0,19,Other,None,Football League Championship
2009–10,Portsmouth FC,38,7.0,7.0,24.0,34.0,66.0,-32.0,28.0,20,Other,None,Football League Championship
2010–11,Manchester United FC,38,23.0,11.0,4.0,78.0,37.0,41.0,80.0,1,Other,UEFA Champions League,No
2010–11,Chelsea FC,38,21.0,8.0,9.0,69.0,33.0,36.0,71.0,2,Other,UEFA Champions League,No
2010–11,Manchester City FC,38,21.0,8.0,9.0,60.0,33.0,27.0,71.0,3,Other,UEFA Champions League,No
2010–11,Arsenal FC,38,19.0,11.0,8.0,72.0,43.0,29.0,68.0,4,Other,UEFA Champions League,No
2010–11,Tottenham Hotspur FC,38,16.0,14.0,8.0,55.0,46.0,9.0,62.0,5,Other,UEFA Europa League,No
2010–11,Liverpool FC,38,17.0,7.0,14.0,59.0,44.0,15.0,58.0,6,Other,None,No
2010–11,Everton FC,38,13.0,15.0,10.0,51.0,45.0,6.0,54.0,7,Other,None,No
2010–11,Fulham FC,38,11.0,16.0,11.0,49.0,43.0,6.0,49.0,8,Other,UEFA Europa League,No
2010–11,Aston Villa FC,38,12.0,12.0,14.0,48.0,59.0,-11.0,48.0,9,Other,None,No
2010–11,Sunderland AFC,38,12.0,11.0,15.0,45.0,56.0,-11.0,47.0,10,Other,None,No
2010–11,West Bromwich Albion FC,38,12.0,11.0,15.0,56.0,71.0,-15.0,47.0,11,Other,None,No
2010–11,Newcastle United FC,38,11.0,13.0,14.0,56.0,57.0,-1.0,46.0,12,Other,None,No
2010–11,Stoke City FC,38,13.0,7.0,18.0,46.0,48.0,-2.0,46.0,13,Other,UEFA Europa League,No
2010–11,Bolton Wanderers FC,38,12.0,10.0,16.0,52.0,56.0,-4.0,46.0,14,Other,None,No
2010–11,Blackburn Rovers FC,38,11.0,10.0,17.0,46.0,59.0,-13.0,43.0,15,Other,None,No
2010–11,Wigan Athletic AFC,38,9.0,15.0,14.0,40.0,61.0,-21.0,42.0,16,Other,None,No
2010–11,Wolverhampton Wanderers FC,38,11.0,7.0,20.0,46.0,66.0,-20.0,40.0,17,Other,None,No
2010–11,Birmingham City FC,38,8.0,15.0,15.0,37.0,58.0,-21.0,39.0,18,Other,UEFA Europa League,Football League Championship
2010–11,Blackpool FC,38,10.0,9.0,19.0,55.0,78.0,-23.0,39.0,19,Other,None,Football League Championship
2010–11,West Ham United FC,38,7.0,12.0,19.0,43.0,70.0,-27.0,33.0,20,Other,None,Football League Championship
2011–12,Manchester City FC,38,28.0,5.0,5.0,93.0,29.0,64.0,89.0,1,Other,UEFA Champions League,No
2011–12,Manchester United FC,38,28.0,5.0,5.0,89.0,33.0,56.0,89.0,2,Other,UEFA Champions League,No
2011–12,Arsenal FC,38,21.0,7.0,10.0,74.0,49.0,25.0,70.0,3,Other,UEFA Champions League,No
2011–12,Tottenham Hotspur FC,38,20.0,9.0,9.0,66.0,41.0,25.0,69.0,4,Other,UEFA Europa League,No
2011–12,Newcastle United FC,38,19.0,8.0,11.0,56.0,51.0,5.0,65.0,5,Other,UEFA Europa League,No
2011–12,Chelsea FC,38,18.0,10.0,10.0,65.0,46.0,19.0,64.0,6,Other,UEFA Champions League,No
2011–12,Everton FC,38,15.0,11.0,12.0,50.0,40.0,10.0,56.0,7,Other,None,No
2011–12,Liverpool FC,38,14.0,10.0,14.0,47.0,40.0,7.0,52.0,8,Other,UEFA Europa League,No
2011–12,Fulham FC,38,14.0,10.0,14.0,48.0,51.0,-3.0,52.0,9,Other,None,No
2011–12,West Bromwich Albion FC,38,13.0,8.0,17.0,45.0,52.0,-7.0,47.0,10,Other,None,No
2011–12,Swansea City AFC,38,12.0,11.0,15.0,44.0,51.0,-7.0,47.0,11,Other,None,No
2011–12,Norwich City FC,38,12.0,11.0,15.0,52.0,66.0,-14.0,47.0,12,Other,None,No
2011–12,Sunderland AFC,38,11.0,12.0,15.0,45.0,46.0,-1.0,45.0,13,Other,None,No
2011–12,Stoke City FC,38,11.0,12.0,15.0,36.0,53.0,-17.0,45.0,14,Other,None,No
2011–12,Wigan Athletic AFC,38,11.0,10.0,17.0,42.0,62.0,-20.0,43.0,15,Other,None,No
2011–12,Aston Villa FC,38,7.0,17.0,14.0,37.0,53.0,-16.0,38.0,16,Other,None,No
2011–12,Queens Park Rangers FC,38,10.0,7.0,21.0,43.0,66.0,-23.0,37.0,17,Other,None,No
2011–12,Bolton Wanderers FC,38,10.0,6.0,22.0,46.0,77.0,-31.0,36.0,18,Other,None,Football League Championship
2011–12,Blackburn Rovers FC,38,8.0,7.0,23.0,48.0,78.0,-30.0,31.0,19,Other,None,Football League Championship
2011–12,Wolverhampton Wanderers FC,38,5.0,10.0,23.0,40.0,82.0,-42.0,25.0,20,Other,None,Football League Championship
2012–13,Manchester United FC,38,28.0,5.0,5.0,86.0,43.0,43.0,89.0,1,Other,UEFA Champions League,No
2012–13,Manchester City FC,38,23.0,9.0,6.0,66.0,34.0,32.0,78.0,2,Other,UEFA Champions League,No
2012–13,Chelsea FC,38,22.0,9.0,7.0,75.0,39.0,36.0,75.0,3,Other,UEFA Champions League,No
2012–13,Arsenal FC,38,21.0,10.0,7.0,72.0,37.0,35.0,73.0,4,Other,UEFA Champions League,No
2012–13,Tottenham Hotspur FC,38,21.0,9.0,8.0,66.0,46.0,20.0,72.0,5,Other,UEFA Europa League,No
2012–13,Everton FC,38,16.0,15.0,7.0,55.0,40.0,15.0,63.0,6,Other,None,No
2012–13,Liverpool FC,38,16.0,13.0,9.0,71.0,43.0,28.0,61.0,7,Other,None,No
2012–13,West Bromwich Albion FC,38,14.0,7.0,17.0,53.0,57.0,-4.0,49.0,8,Other,None,No
2012–13,Swansea City AFC,38,11.0,13.0,14.0,47.0,51.0,-4.0,46.0,9,Other,UEFA Europa League,No
2012–13,West Ham United FC,38,12.0,10.0,16.0,45.0,53.0,-8.0,46.0,10,Other,None,No
2012–13,Norwich City FC,38,10.0,14.0,14.0,41.0,58.0,-17.0,44.0,11,Other,None,No
2012–13,Fulham FC,38,11.0,10.0,17.0,50.0,60.0,-10.0,43.0,12,Other,None,No
2012–13,Stoke City FC,38,9.0,15.0,14.0,34.0,45.0,-11.0,42.0,13,Other,None,No
2012–13,Southampton FC,38,9.0,14.0,15.0,49.0,60.0,-11.0,41.0,14,Other,None,No
2012–13,Aston Villa FC,38,10.0,11.0,17.0,47.0,69.0,-22.0,41.0,15,Other,None,No
2012–13,Newcastle United FC,38,11.0,8.0,19.0,45.0,68.0,-23.0,41.0,16,Other,None,No
2012–13,Sunderland AFC,38,9.0,12.0,17.0,41.0,54.0,-13.0,39.0,17,Other,None,No
2012–13,Wigan Athletic AFC,38,9.0,9.0,20.0,47.0,73.0,-26.0,36.0,18,Other,UEFA Europa League,Football League Championship
2012–13,Reading FC,38,6.0,10.0,22.0,43.0,73.0,-30.0,28.0,19,Other,None,Football League Championship
2012–13,Queens Park Rangers FC,38,4.0,13.0,21.0,30.0,60.0,-30.0,25.0,20,Other,None,Football League Championship
2013–14,Manchester City FC,38,27.0,5.0,6.0,102.0,37.0,65.0,86.0,1,Other,UEFA Champions League,No
2013–14,Liverpool FC,38,26.0,6.0,6.0,101.0,50.0,51.0,84.0,2,Other,UEFA Champions League,No
2013–14,Chelsea FC,38,25.0,7.0,6.0,71.0,27.0,44.0,82.0,3,Other,UEFA Champions League,No
2013–14,Arsenal FC,38,24.0,7.0,7.0,68.0,41.0,27.0,79.0,4,Other,UEFA Champions League,No
2013–14,Everton FC,38,21.0,9.0,8.0,61.0,39.0,22.0,72.0,5,Other,UEFA Europa League,No
2013–14,Tottenham Hotspur FC,38,21.0,6.0,11.0,55.0,51.0,4.0,69.0,6,Other,UEFA Europa League,No
2013–14,Manchester United FC,38,19.0,7.0,12.0,64.0,43.0,21.0,64.0,7,Other,None,No
2013–14,Southampton FC,38,15.0,11.0,12.0,54.0,46.0,8.0,56.0,8,Other,None,No
2013–14,Stoke City FC,38,13.0,11.0,14.0,45.0,52.0,-7.0,50.0,9,Other,None,No
2013–14,Newcastle United FC,38,15.0,4.0,19.0,43.0,59.0,-16.0,49.0,10,Other,None,No
2013–14,Crystal Palace FC,38,13.0,6.0,19.0,33.0,48.0,-15.0,45.0,11,Other,None,No
2013–14,Swansea City AFC,38,11.0,9.0,18.0,54.0,54.0,0.0,42.0,12,Other,None,No
2013–14,West Ham United FC,38,11.0,7.0,20.0,40.0,51.0,-11.0,40.0,13,Other,None,No
2013–14,Sunderland AFC,38,10.0,8.0,20.0,41.0,60.0,-19.0,38.0,14,Other,None,No
2013–14,Aston Villa FC,38,10.0,8.0,20.0,39.0,61.0,-22.0,38.0,15,Other,None,No
2013–14,Hull City AFC,38,10.0,7.0,21.0,38.0,53.0,-15.0,37.0,16,Other,UEFA Europa League,No
2013–14,West Bromwich Albion FC,38,7.0,15.0,16.0,43.0,59.0,-16.0,36.0,17,Other,None,No
2013–14,Norwich City FC,38,8.0,9.0,21.0,28.0,62.0,-34.0,33.0,18,Other,None,Football League Championship
2013–14,Fulham FC,38,9.0,5.0,24.0,40.0,85.0,-45.0,32.0,19,Other,None,Football League Championship
2013–14,Cardiff City FC,38,7.0,9.0,22.0,32.0,74.0,-42.0,30.0,20,Other,None,Football League Championship
2014–15,Chelsea FC,38,26.0,9.0,3.0,73.0,32.0,41.0,87.0,1,Other,UEFA Champions League,No
2014–15,Manchester City FC,38,24.0,7.0,7.0,83.0,38.0,45.0,79.0,2,Other,UEFA Champions League,No
2014–15,Arsenal FC,38,22.0,9.0,7.0,71.0,36.0,35.0,75.0,3,Other,UEFA Champions League,No
2014–15,Manchester United FC,38,20.0,10.0,8.0,62.0,37.0,25.0,70.0,4,Other,UEFA Champions League,No
2014–15,Tottenham Hotspur FC,38,19.0,7.0,12.0,58.0,53.0,5.0,64.0,5,Other,UEFA Europa League,No
2014–15,Liverpool FC,38,18.0,8.0,12.0,52.0,48.0,4.0,62.0,6,Other,UEFA Europa League,No
2014–15,Southampton FC,38,18.0,6.0,14.0,54.0,33.0,21.0,60.0,7,Other,UEFA Europa League,No
2014–15,Swansea City AFC,38,16.0,8.0,14.0,46.0,49.0,-3.0,56.0,8,Other,None,No
2014–15,Stoke City FC,38,15.0,9.0,14.0,48.0,45.0,3.0,54.0,9,Other,None,No
2014–15,Crystal Palace FC,38,13.0,9.0,16.0,47.0,51.0,-4.0,48.0,10,Other,None,No
2014–15,Everton FC,38,12.0,11.0,15.0,48.0,50.0,-2.0,47.0,11,Other,None,No
2014–15,West Ham United FC,38,12.0,11.0,15.0,44.0,47.0,-3.0,47.0,12,Other,UEFA Europa League,No
2014–15,West Bromwich Albion FC,38,11.0,11.0,16.0,38.0,51.0,-13.0,44.0,13,Other,None,No
2014–15,Leicester City FC,38,11.0,8.0,19.0,46.0,55.0,-9.0,41.0,14,Other,None,No
2014–15,Newcastle United FC,38,10.0,9.0,19.0,40.0,63.0,-23.0,39.0,15,Other,None,No
2014–15,Sunderland AFC,38,7.0,17.0,14.0,31.0,53.0,-22.0,38.0,16,Other,None,No
2014–15,Aston Villa FC,38,10.0,8.0,20.0,31.0,57.0,-26.0,38.0,17,Other,None,No
2014–15,Hull City AFC,38,8.0,11.0,19.0,33.0,51.0,-18.0,35.0,18,Other,None,Football League Championship
2014–15,Burnley FC,38,7.0,12.0,19.0,28.0,53.0,-25.0,33.0,19,Other,None,Football League Championship
2014–15,Queens Park Rangers FC,38,8.0,6.0,24.0,42.0,73.0,-31.0,30.0,20,Other,None,Football League Championship
2015–16,Leicester City FC,38,23.0,12.0,3.0,68.0,36.0,32.0,81.0,1,Other,UEFA Champions League,No
2015–16,Arsenal FC,38,20.0,11.0,7.0,65.0,36.0,29.0,71.0,2,Other,UEFA Champions League,No
2015–16,Tottenham Hotspur FC,38,19.0,13.0,6.0,69.0,35.0,34.0,70.0,3,Other,UEFA Champions League,No
2015–16,Manchester City FC,38,19.0,9.0,10.0,71.0,41.0,30.0,66.0,4,Other,UEFA Champions League,No
2015–16,Manchester United FC,38,19.0,9.0,10.0,49.0,35.0,14.0,66.0,5,Other,UEFA Europa League,No
2015–16,Southampton FC,38,18.0,9.0,11.0,59.0,41.0,18.0,63.0,6,Other,UEFA Europa League,No
2015–16,West Ham United FC,38,16.0,14.0,8.0,65.0,51.0,14.0,62.0,7,Other,UEFA Europa League,No
2015–16,Liverpool FC,38,16.0,12.0,10.0,63.0,50.0,13.0,60.0,8,Other,None,No
2015–16,Stoke City FC,38,14.0,9.0,15.0,41.0,55.0,-14.0,51.0,9,Other,None,No
2015–16,Chelsea FC,38,12.0,14.0,12.0,59.0,53.0,6.0,50.0,10,Other,None,No
2015–16,Everton FC,38,11.0,14.0,13.0,59.0,55.0,4.0,47.0,11,Other,None,No
2015–16,Swansea City AFC,38,12.0,11.0,15.0,42.0,52.0,-10.0,47.0,12,Other,None,No
2015–16,Watford FC,38,12.0,9.0,17.0,40.0,50.0,-10.0,45.0,13,Other,None,No
2015–16,West Bromwich Albion FC,38,10.0,13.0,15.0,34.0,48.0,-14.0,43.0,14,Other,None,No
2015–16,Crystal Palace FC,38,11.0,9.0,18.0,39.0,51.0,-12.0,42.0,15,Other,None,No
2015–16,AFC Bournemouth,38,11.0,9.0,18.0,45.0,67.0,-22.0,42.0,16,Other,None,No
2015–16,Sunderland AFC,38,9.0,12.0,17.0,48.0,62.0,-14.0,39.0,17,Other,None,No
2015–16,Newcastle United FC,38,9.0,10.0,19.0,44.0,65.0,-21.0,37.0,18,Other,None,EFL Championship
2015–16,Norwich City FC,38,9.0,7.0,22.0,39.0,67.0,-28.0,34.0,19,Other,None,EFL Championship
2015–16,Aston Villa FC,38,3.0,8.0,27.0,27.0,76.0,-49.0,17.0,20,Other,None,EFL Championship
2016–17,Chelsea FC,38,30.0,3.0,5.0,85.0,33.0,52.0,93.0,1,Other,UEFA Champions League,No
2016–17,Tottenham Hotspur FC,38,26.0,8.0,4.0,86.0,26.0,60.0,86.0,2,Other,UEFA Champions League,No
2016–17,Manchester City FC,38,23.0,9.0,6.0,80.0,39.0,41.0,78.0,3,Other,UEFA Champions League,No
2016–17,Liverpool FC,38,22.0,10.0,6.0,78.0,42.0,36.0,76.0,4,Other,UEFA Champions League,No
2016–17,Arsenal FC,38,23.0,6.0,9.0,77.0,44.0,33.0,75.0,5,Other,UEFA Europa League,No
2016–17,Manchester United FC,38,18.0,15.0,5.0,54.0,29.0,25.0,69.0,6,Other,UEFA Champions League,No
2016–17,Everton FC,38,17.0,10.0,11.0,62.0,44.0,18.0,61.0,7,Other,UEFA Europa League,No
2016–17,Southampton FC,38,12.0,10.0,16.0,41.0,48.0,-7.0,46.0,8,Other,None,No
2016–17,AFC Bournemouth,38,12.0,10.0,16.0,55.0,67.0,-12.0,46.0,9,Other,None,No
2016–17,West Bromwich Albion FC,38,12.0,9.0,17.0,43.0,51.0,-8.0,45.0,10,Other,None,No
2016–17,West Ham United FC,38,12.0,9.0,17.0,47.0,64.0,-17.0,45.0,11,Other,None,No
2016–17,Leicester City FC,38,12.0,8.0,18.0,48.0,63.0,-15.0,44.0,12,Other,None,No
2016–17,Stoke City FC,38,11.0,11.0,16.0,41.0,56.0,-15.0,44.0,13,Other,None,No
2016–17,Crystal Palace FC,38,12.0,5.0,21.0,50.0,63.0,-13.0,41.0,14,Other,None,No
2016–17,Swansea City AFC,38,12.0,5.0,21.0,45.0,70.0,-25.0,41.0,15,Other,None,No
2016–17,Burnley FC,38,11.0,7.0,20.0,39.0,55.0,-16.0,40.0,16,Other,None,No
2016–17,Watford FC,38,11.0,7.0,20.0,40.0,68.0,-28.0,40.0,17,Other,None,No
2016–17,Hull City AFC,38,9.0,7.0,22.0,37.0,80.0,-43.0,34.0,18,Other,None,EFL Championship
2016–17,Middlesbrough FC,38,5.0,13.0,20.0,27.0,53.0,-26.0,28.0,19,Other,None,EFL Championship
2016–17,Sunderland AFC,38,6.0,6.0,26.0,29.0,69.0,-40.0,24.0,20,Other,None,EFL Championship
2017–18,Manchester City FC,38,32.0,4.0,2.0,106.0,27.0,79.0,100.0,1,Other,UEFA Champions League,No
2017–18,Manchester United FC,38,25.0,6.0,7.0,68.0,28.0,40.0,81.0,2,Other,UEFA Champions League,No
2017–18,Tottenham Hotspur FC,38,23.0,8.0,7.0,74.0,36.0,38.0,77.0,3,Other,UEFA Champions League,No
2017–18,Liverpool FC,38,21.0,12.0,5.0,84.0,38.0,46.0,75.0,4,Other,UEFA Champions League,No
2017–18,Chelsea FC,38,21.0,7.0,10.0,62.0,38.0,24.0,70.0,5,Other,UEFA Europa League,No
2017–18,Arsenal FC,38,20.0,6.0,12.0,75.0,50.0,25.0,66.0,6,Other,UEFA Europa League,No
2017–18,Burnley FC,38,14.0,12.0,12.0,36.0,39.0,-3.0,54.0,7,Other,UEFA Europa League,No
2017–18,Everton FC,38,13.0,10.0,15.0,44.0,58.0,-14.0,49.0,8,Other,None,No
2017–18,Leicester City FC,38,12.0,11.0,15.0,56.0,60.0,-4.0,47.0,9,Other,None,No
2017–18,Newcastle United FC,38,12.0,8.0,18.0,39.0,47.0,-8.0,44.0,10,Other,None,No
2017–18,Crystal Palace FC,38,11.0,11.0,16.0,45.0,55.0,-10.0,44.0,11,Other,None,No
2017–18,West Ham United FC,38,10.0,12.0,16.0,48.0,68.0,-20.0,42.0,12,Other,None,No
2017–18,AFC Bournemouth,38,10.0,11.0,17.0,44.0,62.0,-18.0,41.0,13,Other,None,No
2017–18,Watford FC,38,11.0,8.0,19.0,44.0,64.0,-20.0,41.0,14,Other,None,No
2017–18,Brighton & Hove Albion FC,38,9.0,13.0,16.0,34.0,54.0,-20.0,40.0,15,Other,None,No
2017–18,Huddersfield Town AFC,38,9.0,10.0,19.0,28.0,58.0,-30.0,37.0,16,Other,None,No
2017–18,Southampton FC,38,7.0,15.0,16.0,37.0,56.0,-19.0,36.0,17,Other,None,No
2017–18,Swansea City AFC,38,8.0,9.0,21.0,28.0,56.0,-28.0,33.0,18,Other,None,EFL Championship
2017–18,Stoke City FC,38,7.0,12.0,19.0,35.0,68.0,-33.0,33.0,19,Other,None,EFL Championship
2017–18,West Bromwich Albion FC,38,6.0,13.0,19.0,31.0,56.0,-25.0,31.0,20,Other,None,EFL Championship
2018–19,Manchester City FC,38,32.0,2.0,4.0,95.0,23.0,72.0,98.0,1,Other,UEFA Champions League,No
2018–19,Liverpool FC,38,30.0,7.0,1.0,89.0,22.0,67.0,97.0,2,Other,UEFA Champions League,No
2018–19,Chelsea FC,38,21.0,9.0,8.0,63.0,39.0,24.0,72.0,3,Other,UEFA Champions League,No
2018–19,Tottenham Hotspur FC,38,23.0,2.0,13.0,67.0,39.0,28.0,71.0,4,Other,UEFA Champions League,No
2018–19,Arsenal FC,38,21.0,7.0,10.0,73.0,51.0,22.0,70.0,5,Other,UEFA Europa League,No
2018–19,Manchester United FC,38,19.0,9.0,10.0,65.0,54.0,11.0,66.0,6,Other,UEFA Europa League,No
2018–19,Wolverhampton Wanderers FC,38,16.0,9.0,13.0,47.0,46.0,1.0,57.0,7,Other,UEFA Europa League,No
2018–19,Everton FC,38,15.0,9.0,14.0,54.0,46.0,8.0,54.0,8,Other,None,No
2018–19,Leicester City FC,38,15.0,7.0,16.0,51.0,48.0,3.0,52.0,9,Other,None,No
2018–19,West Ham United FC,38,15.0,7.0,16.0,52.0,55.0,-3.0,52.0,10,Other,None,No
2018–19,Watford FC,38,14.0,8.0,16.0,52.0,59.0,-7.0,50.0,11,Other,None,No
2018–19,Crystal Palace FC,38,14.0,7.0,17.0,51.0,53.0,-2.0,49.0,12,Other,None,No
2018–19,Newcastle United FC,38,12.0,9.0,17.0,42.0,48.0,-6.0,45.0,13,Other,None,No
2018–19,AFC Bournemouth,38,13.0,6.0,19.0,56.0,70.0,-14.0,45.0,14,Other,None,No
2018–19,Burnley FC,38,11.0,7.0,20.0,45.0,68.0,-23.0,40.0,15,Other,None,No
2018–19,Southampton FC,38,9.0,12.0,17.0,45.0,65.0,-20.0,39.0,16,Other,None,No
2018–19,Brighton & Hove Albion FC,38,9.0,9.0,20.0,35.0,60.0,-25.0,36.0,17,Other,None,No
2018–19,Cardiff City FC,38,10.0,4.0,24.0,34.0,69.0,-35.0,34.0,18,Other,None,EFL Championship
2018–19,Fulham FC,38,7.0,5.0,26.0,34.0,81.0,-47.0,26.0,19,Other,None,EFL Championship
2018–19,Huddersfield Town AFC,38,3.0,7.0,28.0,22.0,76.0,-54.0,16.0,20,Other,None,EFL Championship
2019–20,Liverpool FC,38,32.0,3.0,3.0,85.0,33.0,52.0,99.0,1,Other,UEFA Champions League,No
2019–20,Manchester City FC,38,26.0,3.0,9.0,102.0,35.0,67.0,81.0,2,Other,UEFA Champions League,No
2019–20,Manchester United FC,38,18.0,12.0,8.0,66.0,36.0,30.0,66.0,3,Other,UEFA Champions League,No
2019–20,Chelsea FC,38,20.0,6.0,12.0,69.0,54.0,15.0,66.0,4,Other,UEFA Champions League,No
2019–20,Leicester City FC,38,18.0,8.0,12.0,67.0,41.0,26.0,62.0,5,Other,UEFA Europa League,No
2019–20,Tottenham Hotspur FC,38,16.0,11.0,11.0,61.0,47.0,14.0,59.0,6,Other,UEFA Europa League,No
2019–20,Wolverhampton Wanderers FC,38,15.0,14.0,9.0,51.0,40.0,11.0,59.0,7,Other,None,No
2019–20,Arsenal FC,38,14.0,14.0,10.0,56.0,48.0,8.0,56.0,8,Other,UEFA Europa League,No
2019–20,Sheffield United FC,38,14.0,12.0,12.0,39.0,39.0,0.0,54.0,9,Other,None,No
2019–20,Burnley FC,38,15.0,9.0,14.0,43.0,50.0,-7.0,54.0,10,Other,None,No
2019–20,Southampton FC,38,15.0,7.0,16.0,51.0,60.0,-9.0,52.0,11,Other,None,No
2019–20,Everton FC,38,13.0,10.0,15.0,44.0,56.0,-12.0,49.0,12,Other,None,No
2019–20,Newcastle United FC,38,11.0,11.0,16.0,38.0,58.0,-20.0,44.0,13,Other,None,No
2019–20,Crystal Palace FC,38,11.0,10.0,17.0,31.0,50.0,-19.0,43.0,14,Other,None,No
2019–20,Brighton & Hove Albion FC,38,9.0,14.0,15.0,39.0,54.0,-15.0,41.0,15,Other,None,No
2019–20,West Ham United FC,38,10.0,9.0,19.0,49.0,62.0,-13.0,39.0,16,Other,None,No
2019–20,Aston Villa FC,38,9.0,8.0,21.0,41.0,67.0,-26.0,35.0,17,Other,None,No
2019–20,AFC Bournemouth,38,9.0,7.0,22.0,40.0,65.0,-25.0,34.0,18,Other,None,EFL Championship
2019–20,Watford FC,38,8.0,10.0,20.0,36.0,64.0,-28.0,34.0,19,Other,None,EFL Championship
2019–20,Norwich City FC,38,5.0,6.0,27.0,26.0,75.0,-49.0,21.0,20,Other,None,EFL Championship
2020–21,Manchester City FC,38,27.0,5.0,6.0,83.0,32.0,51.0,86.0,1,Other,UEFA Champions League,No
2020–21,Manchester United FC,38,21.0,11.0,6.0,73.0,44.0,29.0,74.0,2,Other,UEFA Champions League,No
2020–21,Liverpool FC,38,20.0,9.0,9.0,68.0,42.0,26.0,69.0,3,Other,UEFA Champions League,No
2020–21,Chelsea FC,38,19.0,10.0,9.0,58.0,36.0,22.0,67.0,4,Other,UEFA Champions League,No
2020–21,Leicester City FC,38,20.0,6.0,12.0,68.0,50.0,18.0,66.0,5,Other,UEFA Europa League,No
2020–21,West Ham United FC,38,19.0,8.0,11.0,62.0,47.0,15.0,65.0,6,Other,UEFA Europa League,No
2020–21,Tottenham Hotspur FC,38,18.0,8.0,12.0,68.0,45.0,23.0,62.0,7,Other,UEFA Conference League,No
2020–21,Arsenal FC,38,18.0,7.0,13.0,55.0,39.0,16.0,61.0,8,Other,None,No
2020–21,Leeds United AFC,38,18.0,5.0,15.0,62.0,54.0,8.0,59.0,9,Other,None,No
2020–21,Everton FC,38,17.0,8.0,13.0,47.0,48.0,-1.0,59.0,10,Other,None,No
2020–21,Aston Villa FC,38,16.0,7.0,15.0,55.0,46.0,9.0,55.0,11,Other,None,No
2020–21,Newcastle United FC,38,12.0,9.0,17.0,46.0,62.0,-16.0,45.0,12,Other,None,No
2020–21,Wolverhampton Wanderers FC,38,12.0,9.0,17.0,36.0,52.0,-16.0,45.0,13,Other,None,No
2020–21,Crystal Palace FC,38,12.0,8.0,18.0,41.0,66.0,-25.0,44.0,14,Other,None,No
2020–21,Southampton FC,38,12.0,7.0,19.0,47.0,68.0,-21.0,43.0,15,Other,None,No
2020–21,Brighton & Hove Albion FC,38,9.0,14.0,15.0,40.0,46.0,-6.0,41.0,16,Other,None,No
2020–21,Burnley FC,38,10.0,9.0,19.0,33.0,55.0,-22.0,39.0,17,Other,None,No
2020–21,Fulham FC,38,5.0,13.0,20.0,27.0,53.0,-26.0,28.0,18,Other,None,EFL Championship
2020–21,West Bromwich Albion FC,38,5.0,11.0,22.0,35.0,76.0,-41.0,26.0,19,Other,None,EFL Championship
2020–21,Sheffield United FC,38,7.0,2.0,29.0,20.0,63.0,-43.0,23.0,20,Other,None,EFL Championship
2021–22,Manchester City FC,38,29.0,6.0,3.0,99.0,26.0,73.0,93.0,1,Other,UEFA Champions League,No
2021–22,Liverpool FC,38,28.0,8.0,2.0,94.0,26.0,68.0,92.0,2,Other,UEFA Champions League,No
2021–22,Chelsea FC,38,21.0,11.0,6.0,76.0,33.0,43.0,74.0,3,Other,UEFA Champions League,No
2021–22,Tottenham Hotspur FC,38,22.0,5.0,11.0,69.0,40.0,29.0,71.0,4,Other,UEFA Champions League,No
2021–22,Arsenal FC,38,22.0,3.0,13.0,61.0,48.0,13.0,69.0,5,Other,UEFA Europa League,No
2021–22,Manchester United FC,38,16.0,10.0,12.0,57.0,57.0,0.0,58.0,6,Other,UEFA Europa League,No
2021–22,West Ham United FC,38,16.0,8.0,14.0,60.0,51.0,9.0,56.0,7,Other,UEFA Conference League,No
2021–22,Leicester City FC,38,14.0,10.0,14.0,62.0,59.0,3.0,52.0,8,Other,None,No
2021–22,Brighton & Hove Albion FC,38,12.0,15.0,11.0,42.0,44.0,-2.0,51.0,9,Other,None,No
2021–22,Wolverhampton Wanderers FC,38,15.0,6.0,17.0,38.0,43.0,-5.0,51.0,10,Other,None,No
2021–22,Newcastle United FC,38,13.0,10.0,15.0,44.0,62.0,-18.0,49.0,11,Other,None,No
2021–22,Crystal Palace FC,38,11.0,15.0,12.0,50.0,46.0,4.0,48.0,12,Other,None,No
2021–22,Brentford FC,38,13.0,7.0,18.0,48.0,56.0,-8.0,46.0,13,Other,None,No
2021–22,Aston Villa FC,38,13.0,6.0,19.0,52.0,54.0,-2.0,45.0,14,Other,None,No
2021–22,Southampton FC,38,9.0,13.0,16.0,43.0,67.0,-24.0,40.0,15,Other,None,No
2021–22,Everton FC,38,11.0,6.0,21.0,43.0,66.0,-23.0,39.0,16,Other,None,No
2021–22,Leeds United AFC,38,9.0,11.0,18.0,42.0,79.0,-37.0,38.0,17,Other,None,No
2021–22,Burnley FC,38,7.0,14.0,17.0,34.0,53.0,-19.0,35.0,18,Other,None,EFL Championship
2021–22,Watford FC,38,6.0,5.0,27.0,34.0,77.0,-43.0,23.0,19,Other,None,EFL Championship
2021–22,Norwich City FC,38,5.0,7.0,26.0,23.0,84.0,-61.0,22.0,20,Other,None,EFL Championship
2022–23,Manchester City FC,38,28.0,5.0,5.0,94.0,33.0,61.0,89.0,1,Other,UEFA Champions League,No
2022–23,Arsenal FC,38,26.0,6.0,6.0,88.0,43.0,45.0,84.0,2,Other,UEFA Champions League,No
2022–23,Manchester United FC,38,23.0,6.0,9.0,58.0,43.0,15.0,75.0,3,Other,UEFA Champions League,No
2022–23,Newcastle United FC,38,19.0,14.0,5.0,68.0,33.0,35.0,71.0,4,Other,UEFA Champions League,No
2022–23,Liverpool FC,38,19.0,10.0,9.0,75.0,47.0,28.0,67.0,5,Other,UEFA Europa League,No
2022–23,Brighton & Hove Albion FC,38,18.0,8.0,12.0,72.0,53.0,19.0,62.0,6,Other,UEFA Europa League,No
2022–23,Aston Villa FC,38,18.0,7.0,13.0,51.0,46.0,5.0,61.0,7,Other,UEFA Conference League,No
2022–23,Tottenham Hotspur FC,38,18.0,6.0,14.0,70.0,63.0,7.0,60.0,8,Other,None,No
2022–23,Brentford FC,38,15.0,14.0,9.0,58.0,46.0,12.0,59.0,9,Other,None,No
2022–23,Fulham FC,38,15.0,7.0,16.0,55.0,53.0,2.0,52.0,10,Other,None,No
2022–23,Crystal Palace FC,38,11.0,12.0,15.0,40.0,49.0,-9.0,45.0,11,Other,None,No
2022–23,Chelsea FC,38,11.0,11.0,16.0,38.0,47.0,-9.0,44.0,12,Other,None,No
2022–23,Wolverhampton Wanderers FC,38,11.0,8.0,19.0,31.0,58.0,-27.0,41.0,13,Other,None,No
2022–23,West Ham United FC,38,11.0,7.0,20.0,42.0,55.0,-13.0,40.0,14,Other,None,No
2022–23,AFC Bournemouth,38,11.0,6.0,21.0,37.0,71.0,-34.0,39.0,15,Other,None,No
2022–23,Nottingham Forest FC,38,9.0,11.0,18.0,38.0,68.0,-30.0,38.0,16,Other,None,No
2022–23,Everton FC,38,8.0,12.0,18.0,34.0,57.0,-23.0,36.0,17,Other,None,No
2022–23,Leicester City FC,38,9.0,7.0,22.0,51.0,68.0,-17.0,34.0,18,Other,None,EFL Championship
2022–23,Leeds United AFC,38,7.0,10.0,21.0,48.0,78.0,-30.0,31.0,19,Other,None,EFL Championship
2022–23,Southampton FC,38,6.0,7.0,25.0,36.0,73.0,-37.0,25.0,20,Other,None,EFL Championship
2023–24,Manchester City FC,38,28.0,7.0,3.0,96.0,34.0,62.0,91.0,1,Other,UEFA Champions League,No
2023–24,Arsenal FC,38,28.0,5.0,5.0,91.0,29.0,62.0,89.0,2,Other,UEFA Champions League,No
2023–24,Liverpool FC,38,24.0,10.0,4.0,86.0,41.0,45.0,82.0,3,Other,UEFA Champions League,No
2023–24,Aston Villa FC,38,20.0,8.0,10.0,76.0,61.0,15.0,68.0,4,Other,UEFA Champions League,No
2023–24,Tottenham Hotspur FC,38,20.0,6.0,12.0,74.0,61.0,13.0,66.0,5,Other,UEFA Europa League,No
2023–24,Chelsea FC,38,18.0,9.0,11.0,77.0,63.0,14.0,63.0,6,Other,UEFA Conference League,No
2023–24,Newcastle United FC,38,18.0,6.0,14.0,85.0,62.0,23.0,60.0,7,Other,None,No
2023–24,Manchester United FC,38,18.0,6.0,14.0,57.0,58.0,-1.0,60.0,8,Other,UEFA Europa League,No
2023–24,West Ham United FC,38,14.0,10.0,14.0,60.0,74.0,-14.0,52.0,9,Other,None,No
2023–24,Crystal Palace FC,38,13.0,10.0,15.0,57.0,58.0,-1.0,49.0,10,Other,None,No
2023–24,Brighton & Hove Albion FC,38,12.0,12.0,14.0,55.0,62.0,-7.0,48.0,11,Other,None,No
2023–24,Everton FC,38,13.0,9.0,16.0,40.0,51.0,-11.0,48.0,12,Other,None,No
2023–24,AFC Bournemouth,38,13.0,9.0,16.0,54.0,67.0,-13.0,48.0,13,Other,None,No
2023–24,Fulham FC,38,13.0,8.0,17.0,55.0,61.0,-6.0,47.0,14,Other,None,No
2023–24,Wolverhampton Wanderers FC,38,13.0,7.0,18.0,50.0,65.0,-15.0,46.0,15,Other,None,No
2023–24,Brentford FC,38,10.0,9.0,19.0,56.0,65.0,-9.0,39.0,16,Other,None,No
2023–24,Nottingham Forest FC,38,9.0,9.0,20.0,49.0,67.0,-18.0,36.0,17,Other,None,No
2023–24,Luton Town FC,38,6.0,8.0,24.0,52.0,85.0,-33.0,26.0,18,Other,None,EFL Championship
2023–24,Burnley FC,38,5.0,9.0,24.0,41.0,78.0,-37.0,24.0,19,Other,None,EFL Championship
2023–24,Sheffield United FC,38,3.0,7.0,28.0,35.0,104.0,-69.0,16.0,20,Other,None,EFL Championship
2024–25,Liverpool FC,38,25.0,9.0,4.0,86.0,41.0,45.0,84.0,1,Other,UEFA Champions League,No
2024–25,Arsenal FC,38,20.0,14.0,4.0,69.0,34.0,35.0,74.0,2,Other,UEFA Champions League,No
2024–25,Manchester City FC,38,21.0,8.0,9.0,72.0,44.0,28.0,71.0,3,Other,UEFA Champions League,No
2024–25,Chelsea FC,38,20.0,9.0,9.0,64.0,43.0,21.0,69.0,4,Other,UEFA Champions League,No
2024–25,Newcastle United FC,38,20.0,6.0,12.0,68.0,47.0,21.0,66.0,5,Other,UEFA Champions League,No
2024–25,Aston Villa FC,38,19.0,9.0,10.0,58.0,51.0,7.0,66.0,6,Other,UEFA Europa League,No
2024–25,Nottingham Forest FC,38,19.0,8.0,11.0,58.0,46.0,12.0,65.0,7,Other,UEFA Europa League,No
2024–25,Brighton & Hove Albion FC,38,16.0,13.0,9.0,66.0,59.0,7.0,61.0,8,Other,None,No
2024–25,AFC Bournemouth,38,15.0,11.0,12.0,58.0,46.0,12.0,56.0,9,Other,None,No
2024–25,Brentford FC,38,16.0,8.0,14.0,66.0,57.0,9.0,56.0,10,Other,None,No
2024–25,Fulham FC,38,15.0,9.0,14.0,54.0,54.0,0.0,54.0,11,Other,None,No
2024–25,Crystal Palace FC,38,13.0,14.0,11.0,51.0,51.0,0.0,53.0,12,Other,UEFA Conference League,No
2024–25,Everton FC,38,11.0,15.0,12.0,42.0,44.0,-2.0,48.0,13,Other,None,No
2024–25,West Ham United FC,38,11.0,10.0,17.0,46.0,62.0,-16.0,43.0,14,Other,None,No
2024–25,Manchester United FC,38,11.0,9.0,18.0,44.0,54.0,-10.0,42.0,15,Other,None,No
2024–25,Wolverhampton Wanderers FC,38,12.0,6.0,20.0,54.0,69.0,-15.0,42.0,16,Other,None,No
2024–25,Tottenham Hotspur FC,38,11.0,5.0,22.0,64.0,65.0,-1.0,38.0,17,Other,UEFA Champions League,No
2024–25,Leicester City FC,38,6.0,7.0,25.0,33.0,80.0,-47.0,25.0,18,Other,None,EFL Championship
2024–25,Ipswich Town FC,38,4.0,10.0,24.0,36.0,82.0,-46.0,22.0,19,Other,None,EFL Championship
2024–25,Southampton FC,38,2.0,6.0,30.0,26.0,86.0,-60.0,12.0,20,Other,None,EFL Championship
2025–26,Arsenal FC,12,9.0,2.0,1.0,24.0,6.0,18.0,29.0,1,Current,UEFA Champions League,No
2025–26,Manchester City FC,13,8.0,1.0,4.0,27.0,12.0,15.0,25.0,2,Current,UEFA Champions League,No
2025–26,Chelsea FC,12,7.0,2.0,3.0,23.0,11.0,12.0,23.0,3,Current,UEFA Champions League,No
2025–26,Sunderland AFC,13,6.0,4.0,3.0,17.0,13.0,4.0,22.0,4,Current,UEFA Champions League,No
2025–26,Aston Villa FC,12,6.0,3.0,3.0,15.0,11.0,4.0,21.0,5,Current,UEFA Europa League,No
2025–26,Crystal Palace FC,12,5.0,5.0,2.0,16.0,9.0,7.0,20.0,6,Current,UEFA Conference League,No
2025–26,Brighton & Hove Albion FC,12,5.0,4.0,3.0,19.0,16.0,3.0,19.0,7,Current,None,No
2025–26,Brentford FC,13,6.0,1.0,6.0,21.0,20.0,1.0,19.0,8,Current,None,No
2025–26,AFC Bournemouth,13,5.0,4.0,4.0,21.0,23.0,-2.0,19.0,9,Current,None,No
2025–26,Tottenham Hotspur FC,13,5.0,3.0,5.0,21.0,16.0,5.0,18.0,10,Current,None,No
2025–26,Newcastle United FC,13,5.0,3.0,5.0,17.0,16.0,1.0,18.0,11,Current,None,No
2025–26,Manchester United FC,12,5.0,3.0,4.0,19.0,19.0,0.0,18.0,12,Current,None,No
2025–26,Liverpool FC,12,6.0,0.0,6.0,18.0,20.0,-2.0,18.0,13,Current,None,No
2025–26,Everton FC,13,5.0,3.0,5.0,14.0,17.0,-3.0,18.0,14,Current,None,No
2025–26,Fulham FC,13,5.0,2.0,6.0,15.0,17.0,-2.0,17.0,15,Current,None,No
2025–26,Nottingham Forest FC,12,3.0,3.0,6.0,13.0,20.0,-7.0,12.0,16,Current,None,No
2025–26,West Ham United FC,12,3.0,2.0,7.0,15.0,25.0,-10.0,11.0,17,Current,None,No
2025–26,Leeds United AFC,13,3.0,2.0,8.0,13.0,25.0,-12.0,11.0,18,Current,None,EFL Championship
2025–26,Burnley FC,13,3.0,1.0,9.0,15.0,27.0,-12.0,10.0,19,Current,None,EFL Championship
2025–26,Wolverhampton Wanderers FC,12,0.0,2.0,10.0,7.0,27.0,-20.0,2.0,20,Current,None,EFL Championship
