league.name,date,team,opponent,last.result,team.spi,opponent.spi,team.proj.goals,opponent.proj.goals,prob.ind,win.prob,tie.prob,loss.prob
UEFA Europa League,2025-11-27,GNK Dinamo Zagreb,@ Lille OSC,,,,,,,,,
UEFA Europa League,2025-11-27,PFK Ludogorets 1945 Razgrad,RC Celta de Vigo,,,,,,,,,
UEFA Europa League,2025-11-27,PAOK FC,Brann,,,,,,,,,
UEFA Europa League,2025-11-27,KRC Genk,FC Basel 1893,,,,,,,,,
UEFA Europa League,2025-11-27,Maccabi Tel Aviv FC,Olympique Lyonnais,,,,,,,,,
UEFA Europa League,2025-11-27,Nottingham Forest FC,Malmö FF,,,,,,,,,
UEFA Europa League,2025-11-27,Panathinaikos,SK Sturm Graz,,,,,,,,,
UEFA Europa League,2025-11-27,Bologna FC 1909,FC Red Bull Salzburg,,,,,,,,,
UEFA Europa League,2025-11-27,Lille OSC,GNK Dinamo Zagreb,,,,,,,,,
UEFA Europa League,2025-11-27,Real Betis,Utrecht,,,,,,,,,
UEFA Conference League,2025-11-27,Ħamrun Spartans FC,Lincoln Red Imps FC,,,,,,,,,
UEFA Europa League,2025-11-27,Feyenoord,Celtic FC,,,,,,,,,
UEFA Europa League,2025-11-27,Fenerbahçe SK,Ferencvárosi TC,,,,,,,,,
UEFA Europa League,2025-11-27,FC Viktoria Plzeň,SC Freiburg,,,,,,,,,
UEFA Europa League,2025-11-27,FC Porto,Nice,,,,,,,,,
UEFA Europa League,2025-11-27,Rangers FC,Sporting Clube de Braga,,,,,,,,,
UEFA Conference League,2025-11-27,AZ Alkmaar,Shelbourne FC,,,,,,,,,
UEFA Europa League,2025-11-27,Aston Villa FC,BSC Young Boys,,,,,,,,,
UEFA Europa League,2025-11-27,AS Roma,FC Midtjylland,,,,,,,,,
UEFA Conference League,2025-11-27,Jagiellonia Bialystok,Kuopion Palloseura,,,,,,,,,
UEFA Conference League,2025-11-27,Rijeka,AEK Larnaca,,,,,,,,,
UEFA Conference League,2025-11-27,﻿Drita KF Gjilan,KF Shkëndija 79,,,,,,,,,
UEFA Conference League,2025-11-27,Breiðablik,Samsunspor Kulübü,,,,,,,,,
UEFA Europa League,2025-11-27,Go Ahead Eagles,VfB Stuttgart,,,,,,,,,
UEFA Conference League,2025-11-27,Aberdeen,FC Noah,,,,,,,,,
UEFA Europa League,2025-11-27,FK Crvena Zvezda,Steaua București,,,,,,,,,
UEFA Conference League,2025-11-27,ŠK Slovan Bratislava,Rayo Vallecano,,,,,,,,,
UEFA Conference League,2025-11-27,SK Sigma Olomouc,Nogometni klub Celje,,,,,,,,,
UEFA Conference League,2025-11-27,Raków Częstochowa,SK Rapid Wien,,,,,,,,,
UEFA Conference League,2025-11-27,AC Omonia,FK Dynamo Kyiv,,,,,,,,,
UEFA Conference League,2025-11-27,KKS Lech Poznań,FC Lausanne-Sport,,,,,,,,,
UEFA Conference League,2025-11-27,HŠK Zrinjski Mostar,BK Häcken,,,,,,,,,
UEFA Conference League,2025-11-27,ACF Fiorentina,AEK Athens,,,,,,,,,
UEFA Conference League,2025-11-27,Universitatea Craiova,1. FSV Mainz 05,,,,,,,,,
UEFA Conference League,2025-11-27,Legia Warszawa,AC Sparta Praha,,,,,,,,,
UEFA Conference League,2025-11-27,Shelbourne FC,@ AZ Alkmaar,,,,,,,,,
UEFA Europa League,2025-11-27,SC Freiburg,@ FC Viktoria Plzeň,,,,,,,,,
UEFA Conference League,2025-11-27,FK Dynamo Kyiv,@ AC Omonia,,,,,,,,,
UEFA Conference League,2025-11-27,SK Rapid Wien,@ Raków Częstochowa,,,,,,,,,
UEFA Conference League,2025-11-27,Nogometni klub Celje,@ SK Sigma Olomouc,,,,,,,,,
UEFA Conference League,2025-11-27,1. FSV Mainz 05,@ Universitatea Craiova,,,,,,,,,
UEFA Conference League,2025-11-27,Rayo Vallecano,@ ŠK Slovan Bratislava,,,,,,,,,
UEFA Conference League,2025-11-27,FC Noah,@ Aberdeen,,,,,,,,,
UEFA Conference League,2025-11-27,FC Lausanne-Sport,@ KKS Lech Poznań,,,,,,,,,
UEFA Europa League,2025-11-27,VfB Stuttgart,@ Go Ahead Eagles,,,,,,,,,
UEFA Conference League,2025-11-27,KF Shkëndija 79,@ ﻿Drita KF Gjilan,,,,,,,,,
UEFA Conference League,2025-11-27,AEK Larnaca,@ Rijeka,,,,,,,,,
UEFA Conference League,2025-11-27,Kuopion Palloseura,@ Jagiellonia Bialystok,,,,,,,,,
UEFA Conference League,2025-11-27,AC Sparta Praha,@ Legia Warszawa,,,,,,,,,
UEFA Conference League,2025-11-27,Crystal Palace FC,@ Strasbourg,,,,,,,,,
UEFA Conference League,2025-11-27,FK Shakhtar Donetsk,@ Shamrock Rovers FC ,,,,,,,,,
UEFA Conference League,2025-11-27,Samsunspor Kulübü,@ Breiðablik,,,,,,,,,
UEFA Europa League,2025-11-27,Nice,@ FC Porto,,,,,,,,,
UEFA Conference League,2025-11-27,BK Häcken,@ HŠK Zrinjski Mostar,,,,,,,,,
UEFA Europa League,2025-11-27,FC Midtjylland,@ AS Roma,,,,,,,,,
UEFA Europa League,2025-11-27,Ferencvárosi TC,@ Fenerbahçe SK,,,,,,,,,
UEFA Europa League,2025-11-27,Celtic FC,@ Feyenoord,,,,,,,,,
UEFA Conference League,2025-11-27,Lincoln Red Imps FC,@ Ħamrun Spartans FC,,,,,,,,,
UEFA Europa League,2025-11-27,Utrecht,@ Real Betis,,,,,,,,,
UEFA Europa League,2025-11-27,Sporting Clube de Braga,@ Rangers FC,,,,,,,,,
UEFA Europa League,2025-11-27,SK Sturm Graz,@ Panathinaikos,,,,,,,,,
UEFA Conference League,2025-11-27,AEK Athens,@ ACF Fiorentina,,,,,,,,,
UEFA Europa League,2025-11-27,Malmö FF,@ Nottingham Forest FC,,,,,,,,,
UEFA Europa League,2025-11-27,FC Basel 1893,@ KRC Genk,,,,,,,,,
UEFA Europa League,2025-11-27,Brann,@ PAOK FC,,,,,,,,,
UEFA Europa League,2025-11-27,RC Celta de Vigo,@ PFK Ludogorets 1945 Razgrad,,,,,,,,,
UEFA Europa League,2025-11-27,FC Red Bull Salzburg,@ Bologna FC 1909,,,,,,,,,
UEFA Europa League,2025-11-27,BSC Young Boys,@ Aston Villa FC,,,,,,,,,
UEFA Europa League,2025-11-27,Steaua București,@ FK Crvena Zvezda,,,,,,,,,
UEFA Europa League,2025-11-27,Olympique Lyonnais,@ Maccabi Tel Aviv FC,,,,,,,,,
UEFA Conference League,2025-11-27,Strasbourg,Crystal Palace FC,,,,,,,,,
UEFA Conference League,2025-11-27,Shamrock Rovers FC ,FK Shakhtar Donetsk,,,,,,,,,
English Premier League,2025-11-29,AFC Bournemouth,@ Sunderland AFC,Promoted,1761.0,1570.0,1.98,0.98,Anfield West,0.6,0.17,0.23
English Premier League,2025-11-29,Burnley FC,@ Brentford FC,Promoted,1518.0,1757.0,0.92,2.41,Anfield West,0.13,0.17,0.7
English Premier League,2025-11-29,Leeds United AFC,@ Manchester City FC,Promoted,1520.0,1953.0,0.42,2.74,Anfield West,0.04,0.11,0.85
English Premier League,2025-11-29,Newcastle United FC,@ Everton FC,D 0-0,1809.0,1723.0,1.66,1.17,Anfield West,0.5,0.25,0.25
English Premier League,2025-11-29,Fulham FC,@ Tottenham Hotspur FC,D 1-1,1683.0,1768.0,1.46,1.62,Anfield West,0.42,0.13,0.45
English Premier League,2025-11-29,Tottenham Hotspur FC,Fulham FC,D 1-1,1768.0,1683.0,1.62,1.46,Anfield West,0.45,0.13,0.42
English Premier League,2025-11-29,Everton FC,Newcastle United FC,D 0-0,1723.0,1809.0,1.17,1.66,Anfield West,0.25,0.25,0.5
English Premier League,2025-11-29,Manchester City FC,Leeds United AFC,Promoted,1953.0,1520.0,2.74,0.42,Anfield West,0.85,0.11,0.04
English Premier League,2025-11-29,Brentford FC,Burnley FC,Promoted,1757.0,1518.0,2.41,0.92,Anfield West,0.7,0.17,0.13
English Premier League,2025-11-29,Sunderland AFC,AFC Bournemouth,Promoted,1570.0,1761.0,0.98,1.98,Anfield West,0.23,0.17,0.6
English Premier League,2025-11-30,West Ham United FC,Liverpool FC,L 0-5,1629.0,1886.0,0.7,2.18,Anfield West,0.1,0.22,0.68
English Premier League,2025-11-30,Crystal Palace FC,Manchester United FC,D 0-0,1840.0,1763.0,1.68,1.31,Anfield West,0.48,0.23,0.29
English Premier League,2025-11-30,Chelsea FC,Arsenal FC,D 1-1,1939.0,2028.0,1.27,1.91,Anfield West,0.25,0.15,0.6
English Premier League,2025-11-30,Nottingham Forest FC,Brighton & Hove Albion FC,W 7-0,1711.0,1805.0,1.43,1.79,Anfield West,0.32,0.16,0.52
English Premier League,2025-11-30,Aston Villa FC,Wolverhampton Wanderers FC,W 3-1,1866.0,1518.0,2.42,0.69,Anfield West,0.76,0.19,0.05
English Premier League,2025-11-30,Arsenal FC,@ Chelsea FC,D 1-1,2028.0,1939.0,1.91,1.27,Anfield West,0.6,0.15,0.25
English Premier League,2025-11-30,Liverpool FC,@ West Ham United FC,W 0-5,1886.0,1629.0,2.18,0.7,Anfield West,0.68,0.22,0.1
English Premier League,2025-11-30,Brighton & Hove Albion FC,@ Nottingham Forest FC,L 7-0,1805.0,1711.0,1.79,1.43,Anfield West,0.52,0.16,0.32
English Premier League,2025-11-30,Wolverhampton Wanderers FC,@ Aston Villa FC,L 3-1,1518.0,1866.0,0.69,2.42,Anfield West,0.05,0.19,0.76
English Premier League,2025-11-30,Manchester United FC,@ Crystal Palace FC,D 0-0,1763.0,1840.0,1.31,1.68,Anfield West,0.29,0.23,0.48
English Premier League,2025-12-02,Manchester City FC,@ Fulham FC,W 0-2,1953.0,1683.0,2.23,1.06,Anfield West,0.65,0.16,0.19
English Premier League,2025-12-02,Everton FC,@ AFC Bournemouth,L 1-0,1723.0,1761.0,1.69,1.3,Anfield West,0.48,0.25,0.27
English Premier League,2025-12-02,Newcastle United FC,Tottenham Hotspur FC,W 2-1,1809.0,1768.0,1.51,1.45,Anfield West,0.39,0.16,0.45
English Premier League,2025-12-02,Fulham FC,Manchester City FC,L 0-2,1683.0,1953.0,1.06,2.23,Anfield West,0.19,0.16,0.65
English Premier League,2025-12-02,AFC Bournemouth,Everton FC,W 1-0,1761.0,1723.0,1.3,1.69,Anfield West,0.27,0.25,0.48
English Premier League,2025-12-02,Tottenham Hotspur FC,@ Newcastle United FC,L 2-1,1768.0,1809.0,1.45,1.51,Anfield West,0.45,0.16,0.39
English Premier League,2025-12-03,Brentford FC,@ Arsenal FC,D 1-1,1757.0,2028.0,0.86,2.56,Anfield West,0.12,0.14,0.74
English Premier League,2025-12-03,Crystal Palace FC,@ Burnley FC,Promoted,1840.0,1518.0,2.36,0.7,Anfield West,0.76,0.2,0.04
English Premier League,2025-12-03,Nottingham Forest FC,@ Wolverhampton Wanderers FC,W 0-3,1711.0,1518.0,2.29,0.77,Anfield West,0.74,0.18,0.08
English Premier League,2025-12-03,Aston Villa FC,@ Brighton & Hove Albion FC,W 0-3,1866.0,1805.0,1.78,1.2,Anfield West,0.51,0.23,0.26
English Premier League,2025-12-03,Leeds United AFC,Chelsea FC,Promoted,1520.0,1939.0,0.39,2.8,Anfield West,0.02,0.09,0.89
English Premier League,2025-12-03,Brighton & Hove Albion FC,Aston Villa FC,L 0-3,1805.0,1866.0,1.2,1.78,Anfield West,0.26,0.23,0.51
English Premier League,2025-12-03,Arsenal FC,Brentford FC,D 1-1,2028.0,1757.0,2.56,0.86,Anfield West,0.74,0.14,0.12
English Premier League,2025-12-03,Burnley FC,Crystal Palace FC,Promoted,1518.0,1840.0,0.7,2.36,Anfield West,0.04,0.2,0.76
English Premier League,2025-12-03,Wolverhampton Wanderers FC,Nottingham Forest FC,L 0-3,1518.0,1711.0,0.77,2.29,Anfield West,0.08,0.18,0.74
English Premier League,2025-12-03,Sunderland AFC,@ Liverpool FC,Promoted,1570.0,1886.0,0.95,2.23,Anfield West,0.16,0.15,0.69
English Premier League,2025-12-03,Chelsea FC,@ Leeds United AFC,Promoted,1939.0,1520.0,2.8,0.39,Anfield West,0.89,0.09,0.02
English Premier League,2025-12-03,Liverpool FC,Sunderland AFC,Promoted,1886.0,1570.0,2.23,0.95,Anfield West,0.69,0.15,0.16
English Premier League,2025-12-04,West Ham United FC,@ Manchester United FC,W 0-2,1629.0,1763.0,1.23,1.76,Anfield West,0.27,0.27,0.46
English Premier League,2025-12-04,Manchester United FC,West Ham United FC,L 0-2,1763.0,1629.0,1.76,1.23,Anfield West,0.46,0.27,0.27
FA Cup,2025-12-05,Salford City FC,Leyton Orient FC,,,,,,,,,
FA Cup,2025-12-05,Leyton Orient FC,@ Salford City FC,,,,,,,,,
FA Cup,2025-12-06,Cambridge United FC,@ Stockport County FC,,,,,,,,,
FA Cup,2025-12-06,Buxton,@ Cheltenham Town FC,,,,,,,,,
FA Cup,2025-12-06,Mansfield Town FC,@ Accrington Stanley FC,,,,,,,,,
FA Cup,2025-12-06,WestonsuperMare AFC,@ Chelmsford City FC,,,,,,,,,
FA Cup,2025-12-06,Oldham Athletic AFC,@ Milton Keynes Dons FC,,,,,,,,,
English Premier League,2025-12-06,Burnley FC,@ Newcastle United FC,Promoted,1518.0,1809.0,0.77,2.22,Anfield West,0.15,0.15,0.7
English Premier League,2025-12-06,Liverpool FC,@ Leeds United AFC,Promoted,1886.0,1520.0,2.51,0.77,Anfield West,0.76,0.13,0.11
English Premier League,2025-12-06,Brentford FC,@ Tottenham Hotspur FC,L 3-1,1757.0,1768.0,1.39,1.66,Anfield West,0.33,0.22,0.45
English Premier League,2025-12-06,Sunderland AFC,@ Manchester City FC,Promoted,1570.0,1953.0,0.7,2.69,Anfield West,0.09,0.18,0.73
English Premier League,2025-12-06,Nottingham Forest FC,@ Everton FC,W 0-2,1711.0,1723.0,1.51,1.36,Anfield West,0.48,0.17,0.35
English Premier League,2025-12-06,Chelsea FC,@ AFC Bournemouth,W 0-1,1939.0,1761.0,2.36,0.73,Anfield West,0.75,0.14,0.11
English Premier League,2025-12-06,Arsenal FC,@ Aston Villa FC,W 0-2,2028.0,1866.0,1.75,1.3,Anfield West,0.49,0.23,0.28
FA Cup,2025-12-06,Bristol Rovers FC,@ Port Vale FC,,,,,,,,,
FA Cup,2025-12-06,Bolton Wanderers FC,@ Swindon Town FC,,,,,,,,,
FA Cup,2025-12-06,Wycombe Wanderers FC,@ Exeter City FC,,,,,,,,,
FA Cup,2025-12-06,Shrewsbury Town FC,@ Sutton United FC,,,,,,,,,
English Premier League,2025-12-06,Tottenham Hotspur FC,Brentford FC,W 3-1,1768.0,1757.0,1.66,1.39,Anfield West,0.45,0.22,0.33
FA Cup,2025-12-06,Grimsby Town FC,Wealdstone FC,L 0-1,,,,,,,,
FA Cup,2025-12-06,Cheltenham Town FC,Buxton,,,,,,,,,
FA Cup,2025-12-06,Accrington Stanley FC,Mansfield Town FC,,,,,,,,,
FA Cup,2025-12-06,Chelmsford City FC,WestonsuperMare AFC,,,,,,,,,
FA Cup,2025-12-06,Milton Keynes Dons FC,Oldham Athletic AFC,,,,,,,,,
FA Cup,2025-12-06,Barrow AFC,@ Wigan Athletic AFC,,,,,,,,,
FA Cup,2025-12-06,Exeter City FC,Wycombe Wanderers FC,,,,,,,,,
FA Cup,2025-12-06,Port Vale FC,Bristol Rovers FC,,,,,,,,,
FA Cup,2025-12-06,Stockport County FC,Cambridge United FC,,,,,,,,,
FA Cup,2025-12-06,Swindon Town FC,Bolton Wanderers FC,,,,,,,,,
FA Cup,2025-12-06,Sutton United FC,Shrewsbury Town FC,,,,,,,,,
FA Cup,2025-12-06,Wigan Athletic AFC,Barrow AFC,,,,,,,,,
FA Cup,2025-12-06,Fleetwood Town FC,Luton Town FC,,,,,,,,,
FA Cup,2025-12-06,Peterborough United FC,Barnsley FC,,,,,,,,,
English Premier League,2025-12-06,Newcastle United FC,Burnley FC,Promoted,1809.0,1518.0,2.22,0.77,Anfield West,0.7,0.15,0.15
English Premier League,2025-12-06,Manchester City FC,Sunderland AFC,Promoted,1953.0,1570.0,2.69,0.7,Anfield West,0.73,0.18,0.09
FA Cup,2025-12-06,Wealdstone FC,@ Grimsby Town FC,W 0-1,,,,,,,,
English Premier League,2025-12-06,Everton FC,Nottingham Forest FC,L 0-2,1723.0,1711.0,1.36,1.51,Anfield West,0.35,0.17,0.48
English Premier League,2025-12-06,AFC Bournemouth,Chelsea FC,L 0-1,1761.0,1939.0,0.73,2.36,Anfield West,0.11,0.14,0.75
English Premier League,2025-12-06,Aston Villa FC,Arsenal FC,L 0-2,1866.0,2028.0,1.3,1.75,Anfield West,0.28,0.23,0.49
FA Cup,2025-12-06,Barnsley FC,@ Peterborough United FC,,,,,,,,,
FA Cup,2025-12-06,Luton Town FC,@ Fleetwood Town FC,,,,,,,,,
FA Cup,2025-12-06,Doncaster Rovers FC,@ Chesterfield FC,,,,,,,,,
FA Cup,2025-12-06,Chesterfield FC,Doncaster Rovers FC,,,,,,,,,
English Premier League,2025-12-06,Leeds United AFC,Liverpool FC,Promoted,1520.0,1886.0,0.77,2.51,Anfield West,0.11,0.13,0.76
English Premier League,2025-12-07,West Ham United FC,@ Brighton & Hove Albion FC,L 3-2,1629.0,1805.0,1.28,1.84,Anfield West,0.2,0.26,0.54
English Premier League,2025-12-07,Crystal Palace FC,@ Fulham FC,W 0-2,1840.0,1683.0,1.93,1.21,Anfield West,0.56,0.24,0.2
FA Cup,2025-12-07,Newport County AFC,@ Boreham Wood FC,,,,,,,,,
English Premier League,2025-12-07,Fulham FC,Crystal Palace FC,L 0-2,1683.0,1840.0,1.21,1.93,Anfield West,0.2,0.24,0.56
FA Cup,2025-12-07,Carlisle United FC,@ Blackpool FC,,,,,,,,,
FA Cup,2025-12-07,Slough Town FC,Macclesfield Town FC,,,,,,,,,
FA Cup,2025-12-07,Gateshead FC,Walsall FC,,,,,,,,,
FA Cup,2025-12-07,Boreham Wood FC,Newport County AFC,,,,,,,,,
FA Cup,2025-12-07,Walsall FC,@ Gateshead FC,,,,,,,,,
FA Cup,2025-12-07,Macclesfield Town FC,@ Slough Town FC,,,,,,,,,
English Premier League,2025-12-07,Brighton & Hove Albion FC,West Ham United FC,W 3-2,1805.0,1629.0,1.84,1.28,Anfield West,0.54,0.26,0.2
FA Cup,2025-12-07,Blackpool FC,Carlisle United FC,,,,,,,,,
FA Cup,2025-12-08,Burton Albion FC,@ Brackley Town FC,,,,,,,,,
FA Cup,2025-12-08,Brackley Town FC,Burton Albion FC,,,,,,,,,
English Premier League,2025-12-08,Wolverhampton Wanderers FC,Manchester United FC,W 2-0,1518.0,1763.0,0.9,2.41,Anfield West,0.1,0.17,0.73
English Premier League,2025-12-08,Manchester United FC,@ Wolverhampton Wanderers FC,L 2-0,1763.0,1518.0,2.41,0.9,Anfield West,0.73,0.17,0.1
UEFA Champions League,2025-12-09,Liverpool FC,@ FC Internazionale Milano,,,,,,,,,
UEFA Champions League,2025-12-09,Chelsea FC,@ Atalanta BC,,,,,,,,,
UEFA Champions League,2025-12-09,Galatasaray SK,@ AS Monaco FC,,,,,,,,,
UEFA Champions League,2025-12-09,SK Slavia Praha,@ Tottenham Hotspur FC,,,,,,,,,
UEFA Champions League,2025-12-09,Club Atlético de Madrid,@ PSV Eindhoven,,,,,,,,,
UEFA Champions League,2025-12-09,Eintracht Frankfurt,@ FC Barcelona,,,,,,,,,
UEFA Champions League,2025-12-09,Sporting Clube de Portugal,@ FC Bayern München,,,,,,,,,
UEFA Champions League,2025-12-09,PAE Olympiakos SFP,@ FC Kairat,,,,,,,,,
UEFA Champions League,2025-12-09,﻿Olympique de Marseille,@ Royale Union Saint-Gilloise,,,,,,,,,
UEFA Champions League,2025-12-09,FC Kairat,PAE Olympiakos SFP,,,,,,,,,
UEFA Champions League,2025-12-09,FC Barcelona,Eintracht Frankfurt,,,,,,,,,
UEFA Champions League,2025-12-09,FC Internazionale Milano,Liverpool FC,,,,,,,,,
UEFA Champions League,2025-12-09,Atalanta BC,Chelsea FC,,,,,,,,,
UEFA Champions League,2025-12-09,AS Monaco FC,Galatasaray SK,,,,,,,,,
UEFA Champions League,2025-12-09,Tottenham Hotspur FC,SK Slavia Praha,,,,,,,,,
UEFA Champions League,2025-12-09,Royale Union Saint-Gilloise,﻿Olympique de Marseille,,,,,,,,,
UEFA Champions League,2025-12-09,PSV Eindhoven,Club Atlético de Madrid,,,,,,,,,
UEFA Champions League,2025-12-09,FC Bayern München,Sporting Clube de Portugal,,,,,,,,,
UEFA Champions League,2025-12-10,BV Borussia 09 Dortmund,FK Bodø/Glimt,,,,,,,,,
UEFA Champions League,2025-12-10,Qarabağ Ağdam FK,AFC Ajax,,,,,,,,,
UEFA Champions League,2025-12-10,Villarreal CF,FC København,,,,,,,,,
UEFA Champions League,2025-12-10,Athletic Bilbao,Paris Saint-Germain FC,,,,,,,,,
UEFA Champions League,2025-12-10,AFC Ajax,@ Qarabağ Ağdam FK,,,,,,,,,
UEFA Champions League,2025-12-10,FC København,@ Villarreal CF,,,,,,,,,
UEFA Champions League,2025-12-10,Arsenal FC,@ Club Brugge KV,,,,,,,,,
UEFA Champions League,2025-12-10,Paris Saint-Germain FC,@ Athletic Bilbao,,,,,,,,,
UEFA Champions League,2025-12-10,Newcastle United FC,@ Bayer 04 Leverkusen,,,,,,,,,
UEFA Champions League,2025-12-10,SSC Napoli,@ Sport Lisboa e Benfica,,,,,,,,,
UEFA Champions League,2025-12-10,Pafos FC,@ Juventus FC,,,,,,,,,
UEFA Champions League,2025-12-10,Manchester City FC,@ Real Madrid CF,L 3-1,,,,,,,,
UEFA Champions League,2025-12-10,FK Bodø/Glimt,@ BV Borussia 09 Dortmund,,,,,,,,,
UEFA Champions League,2025-12-10,Real Madrid CF,Manchester City FC,W 3-1,,,,,,,,
UEFA Champions League,2025-12-10,Sport Lisboa e Benfica,SSC Napoli,,,,,,,,,
UEFA Champions League,2025-12-10,Club Brugge KV,Arsenal FC,,,,,,,,,
UEFA Champions League,2025-12-10,Bayer 04 Leverkusen,Newcastle United FC,,,,,,,,,
UEFA Champions League,2025-12-10,Juventus FC,Pafos FC,,,,,,,,,
UEFA Europa League,2025-12-11,FC Midtjylland,KRC Genk,,,,,,,,,
UEFA Europa League,2025-12-11,Celtic FC,AS Roma,,,,,,,,,
UEFA Europa League,2025-12-11,Utrecht,Nottingham Forest FC,,,,,,,,,
UEFA Europa League,2025-12-11,GNK Dinamo Zagreb,Real Betis,,,,,,,,,
UEFA Europa League,2025-12-11,BSC Young Boys,Lille OSC,,,,,,,,,
UEFA Europa League,2025-12-11,Lille OSC,@ BSC Young Boys,,,,,,,,,
UEFA Conference League,2025-12-11,BK Häcken,AEK Larnaca,,,,,,,,,
UEFA Europa League,2025-12-11,AS Roma,@ Celtic FC,,,,,,,,,
UEFA Europa League,2025-12-11,Nice,Sporting Clube de Braga,,,,,,,,,
UEFA Conference League,2025-12-11,AEK Larnaca,@ BK Häcken,,,,,,,,,
UEFA Conference League,2025-12-11,FK Dynamo Kyiv,@ ACF Fiorentina,,,,,,,,,
UEFA Conference League,2025-12-11,ACF Fiorentina,FK Dynamo Kyiv,,,,,,,,,
UEFA Europa League,2025-12-11,PFK Ludogorets 1945 Razgrad,PAOK FC,,,,,,,,,
UEFA Conference League,2025-12-11,﻿Drita KF Gjilan,AZ Alkmaar,,,,,,,,,
UEFA Europa League,2025-12-11,Steaua București,Feyenoord,,,,,,,,,
UEFA Europa League,2025-12-11,VfB Stuttgart,Maccabi Tel Aviv FC,,,,,,,,,
UEFA Conference League,2025-12-11,Lincoln Red Imps FC,SK Sigma Olomouc,,,,,,,,,
UEFA Conference League,2025-12-11,KF Shkëndija 79,ŠK Slovan Bratislava,,,,,,,,,
UEFA Conference League,2025-12-11,Samsunspor Kulübü,AEK Athens,,,,,,,,,
UEFA Conference League,2025-12-11,Universitatea Craiova,AC Sparta Praha,,,,,,,,,
UEFA Conference League,2025-12-11,Aberdeen,Strasbourg,,,,,,,,,
UEFA Conference League,2025-12-11,Ħamrun Spartans FC,FK Shakhtar Donetsk,,,,,,,,,
UEFA Conference League,2025-12-11,Rijeka,Nogometni klub Celje,,,,,,,,,
UEFA Conference League,2025-12-11,Kuopion Palloseura,FC Lausanne-Sport,,,,,,,,,
UEFA Conference League,2025-12-11,Raków Częstochowa,HŠK Zrinjski Mostar,,,,,,,,,
UEFA Conference League,2025-12-11,FC Noah,Legia Warszawa,,,,,,,,,
UEFA Europa League,2025-12-11,Olympique Lyonnais,Go Ahead Eagles,,,,,,,,,
UEFA Conference League,2025-12-11,SK Rapid Wien,AC Omonia,,,,,,,,,
UEFA Europa League,2025-12-11,RC Celta de Vigo,Bologna FC 1909,,,,,,,,,
UEFA Europa League,2025-12-11,SC Freiburg,FC Red Bull Salzburg,,,,,,,,,
UEFA Europa League,2025-12-11,Brann,Fenerbahçe SK,,,,,,,,,
UEFA Europa League,2025-12-11,SK Sturm Graz,FK Crvena Zvezda,,,,,,,,,
UEFA Conference League,2025-12-11,Jagiellonia Bialystok,Rayo Vallecano,,,,,,,,,
UEFA Conference League,2025-12-11,KKS Lech Poznań,1. FSV Mainz 05,,,,,,,,,
UEFA Europa League,2025-12-11,KRC Genk,@ FC Midtjylland,,,,,,,,,
UEFA Europa League,2025-12-11,Ferencvárosi TC,Rangers FC,,,,,,,,,
UEFA Conference League,2025-12-11,Breiðablik,Shamrock Rovers FC ,,,,,,,,,
UEFA Europa League,2025-12-11,FC Porto,Malmö FF,,,,,,,,,
UEFA Europa League,2025-12-11,FC Basel 1893,Aston Villa FC,,,,,,,,,
UEFA Europa League,2025-12-11,Panathinaikos,FC Viktoria Plzeň,,,,,,,,,
UEFA Europa League,2025-12-11,Nottingham Forest FC,@ Utrecht,,,,,,,,,
UEFA Conference League,2025-12-11,Shelbourne FC,Crystal Palace FC,,,,,,,,,
UEFA Europa League,2025-12-11,Sporting Clube de Braga,@ Nice,,,,,,,,,
UEFA Europa League,2025-12-11,FK Crvena Zvezda,@ SK Sturm Graz,,,,,,,,,
UEFA Conference League,2025-12-11,SK Sigma Olomouc,@ Lincoln Red Imps FC,,,,,,,,,
UEFA Europa League,2025-12-11,FC Red Bull Salzburg,@ SC Freiburg,,,,,,,,,
UEFA Europa League,2025-12-11,Bologna FC 1909,@ RC Celta de Vigo,,,,,,,,,
UEFA Europa League,2025-12-11,FC Viktoria Plzeň,@ Panathinaikos,,,,,,,,,
UEFA Conference League,2025-12-11,AC Omonia,@ SK Rapid Wien,,,,,,,,,
UEFA Conference League,2025-12-11,Crystal Palace FC,@ Shelbourne FC,,,,,,,,,
UEFA Conference League,2025-12-11,Legia Warszawa,@ FC Noah,,,,,,,,,
UEFA Conference League,2025-12-11,Rayo Vallecano,@ Jagiellonia Bialystok,,,,,,,,,
UEFA Conference League,2025-12-11,HŠK Zrinjski Mostar,@ Raków Częstochowa,,,,,,,,,
UEFA Conference League,2025-12-11,Shamrock Rovers FC ,@ Breiðablik,,,,,,,,,
UEFA Conference League,2025-12-11,Nogometni klub Celje,@ Rijeka,,,,,,,,,
UEFA Conference League,2025-12-11,FK Shakhtar Donetsk,@ Ħamrun Spartans FC,,,,,,,,,
UEFA Europa League,2025-12-11,Real Betis,@ GNK Dinamo Zagreb,,,,,,,,,
UEFA Conference League,2025-12-11,Strasbourg,@ Aberdeen,,,,,,,,,
UEFA Conference League,2025-12-11,AC Sparta Praha,@ Universitatea Craiova,,,,,,,,,
UEFA Conference League,2025-12-11,AEK Athens,@ Samsunspor Kulübü,,,,,,,,,
UEFA Europa League,2025-12-11,Maccabi Tel Aviv FC,@ VfB Stuttgart,,,,,,,,,
UEFA Conference League,2025-12-11,FC Lausanne-Sport,@ Kuopion Palloseura,,,,,,,,,
UEFA Conference League,2025-12-11,1. FSV Mainz 05,@ KKS Lech Poznań,,,,,,,,,
UEFA Europa League,2025-12-11,Fenerbahçe SK,@ Brann,,,,,,,,,
UEFA Europa League,2025-12-11,Rangers FC,@ Ferencvárosi TC,,,,,,,,,
UEFA Europa League,2025-12-11,PAOK FC,@ PFK Ludogorets 1945 Razgrad,,,,,,,,,
UEFA Europa League,2025-12-11,Go Ahead Eagles,@ Olympique Lyonnais,,,,,,,,,
UEFA Europa League,2025-12-11,Feyenoord,@ Steaua București,,,,,,,,,
UEFA Europa League,2025-12-11,Aston Villa FC,@ FC Basel 1893,,,,,,,,,
UEFA Europa League,2025-12-11,Malmö FF,@ FC Porto,,,,,,,,,
UEFA Conference League,2025-12-11,AZ Alkmaar,@ ﻿Drita KF Gjilan,,,,,,,,,
UEFA Conference League,2025-12-11,ŠK Slovan Bratislava,@ KF Shkëndija 79,,,,,,,,,
English Premier League,2025-12-13,Liverpool FC,Brighton & Hove Albion FC,W 2-1,1886.0,1805.0,1.97,1.39,Anfield West,0.57,0.11,0.32
English Premier League,2025-12-13,Burnley FC,Fulham FC,Promoted,1518.0,1683.0,1.06,1.94,Anfield West,0.17,0.24,0.59
English Premier League,2025-12-13,Arsenal FC,Wolverhampton Wanderers FC,W 2-0,2028.0,1518.0,3.16,0.13,Anfield West,0.96,0.02,0.02
English Premier League,2025-12-13,Everton FC,@ Chelsea FC,L 1-0,1723.0,1939.0,0.91,2.54,Anfield West,0.1,0.1,0.8
English Premier League,2025-12-13,Brighton & Hove Albion FC,@ Liverpool FC,L 2-1,1805.0,1886.0,1.39,1.97,Anfield West,0.32,0.11,0.57
English Premier League,2025-12-13,Wolverhampton Wanderers FC,@ Arsenal FC,L 2-0,1518.0,2028.0,0.13,3.16,Anfield West,0.02,0.02,0.96
English Premier League,2025-12-13,Fulham FC,@ Burnley FC,Promoted,1683.0,1518.0,1.94,1.06,Anfield West,0.59,0.24,0.17
English Premier League,2025-12-13,Chelsea FC,Everton FC,W 1-0,1939.0,1723.0,2.54,0.91,Anfield West,0.8,0.1,0.1
English Premier League,2025-12-14,Brentford FC,Leeds United AFC,Promoted,1757.0,1520.0,2.14,0.9,Anfield West,0.64,0.2,0.16
English Premier League,2025-12-14,Manchester City FC,@ Crystal Palace FC,D 2-2,1953.0,1840.0,1.84,1.28,Anfield West,0.53,0.19,0.28
English Premier League,2025-12-14,Aston Villa FC,@ West Ham United FC,W 1-2,1866.0,1629.0,2.36,1.07,Anfield West,0.64,0.21,0.15
English Premier League,2025-12-14,Tottenham Hotspur FC,@ Nottingham Forest FC,L 1-0,1768.0,1711.0,1.5,1.58,Anfield West,0.34,0.26,0.4
English Premier League,2025-12-14,Newcastle United FC,@ Sunderland AFC,Promoted,1809.0,1570.0,2.1,0.99,Anfield West,0.6,0.26,0.14
English Premier League,2025-12-14,Nottingham Forest FC,Tottenham Hotspur FC,W 1-0,1711.0,1768.0,1.58,1.5,Anfield West,0.4,0.26,0.34
English Premier League,2025-12-14,Crystal Palace FC,Manchester City FC,D 2-2,1840.0,1953.0,1.28,1.84,Anfield West,0.28,0.19,0.53
English Premier League,2025-12-14,Sunderland AFC,Newcastle United FC,Promoted,1570.0,1809.0,0.99,2.1,Anfield West,0.14,0.26,0.6
English Premier League,2025-12-14,Leeds United AFC,@ Brentford FC,Promoted,1520.0,1757.0,0.9,2.14,Anfield West,0.16,0.2,0.64
English Premier League,2025-12-14,West Ham United FC,Aston Villa FC,L 1-2,1629.0,1866.0,1.07,2.36,Anfield West,0.15,0.21,0.64
English Premier League,2025-12-15,AFC Bournemouth,@ Manchester United FC,W 0-3,1761.0,1763.0,1.48,1.75,Anfield West,0.34,0.21,0.45
English Premier League,2025-12-15,Manchester United FC,AFC Bournemouth,L 0-3,1763.0,1761.0,1.75,1.48,Anfield West,0.45,0.21,0.34
EFL Cup,2025-12-16,Cardiff City FC,Chelsea FC,,,,,,,,,
EFL Cup,2025-12-16,Chelsea FC,@ Cardiff City FC,,,,,,,,,
EFL Cup,2025-12-17,Manchester City FC,Brentford FC,,,,,,,,,
EFL Cup,2025-12-17,Newcastle United FC,Fulham FC,,,,,,,,,
EFL Cup,2025-12-17,Fulham FC,@ Newcastle United FC,,,,,,,,,
EFL Cup,2025-12-17,Brentford FC,@ Manchester City FC,,,,,,,,,
UEFA Conference League,2025-12-18,Universitatea Craiova,@ AEK Athens,,,,,,,,,
UEFA Conference League,2025-12-18,Samsunspor Kulübü,@ 1. FSV Mainz 05,,,,,,,,,
UEFA Conference League,2025-12-18,AEK Larnaca,KF Shkëndija 79,,,,,,,,,
UEFA Conference League,2025-12-18,AZ Alkmaar,Jagiellonia Bialystok,,,,,,,,,
UEFA Conference League,2025-12-18,Crystal Palace FC,Kuopion Palloseura,,,,,,,,,
UEFA Conference League,2025-12-18,SK Sigma Olomouc,KKS Lech Poznań,,,,,,,,,
UEFA Conference League,2025-12-18,FK Dynamo Kyiv,FC Noah,,,,,,,,,
UEFA Conference League,2025-12-18,FC Lausanne-Sport,ACF Fiorentina,,,,,,,,,
UEFA Conference League,2025-12-18,AEK Athens,Universitatea Craiova,,,,,,,,,
UEFA Conference League,2025-12-18,HŠK Zrinjski Mostar,SK Rapid Wien,,,,,,,,,
UEFA Conference League,2025-12-18,Nogometni klub Celje,Shelbourne FC,,,,,,,,,
UEFA Conference League,2025-12-18,AC Omonia,Raków Częstochowa,,,,,,,,,
UEFA Conference League,2025-12-18,Strasbourg,Breiðablik,,,,,,,,,
UEFA Conference League,2025-12-18,Shamrock Rovers FC ,Ħamrun Spartans FC,,,,,,,,,
UEFA Conference League,2025-12-18,Rayo Vallecano,﻿Drita KF Gjilan,,,,,,,,,
UEFA Conference League,2025-12-18,FK Shakhtar Donetsk,Rijeka,,,,,,,,,
UEFA Conference League,2025-12-18,Legia Warszawa,Lincoln Red Imps FC,,,,,,,,,
UEFA Conference League,2025-12-18,AC Sparta Praha,Aberdeen,,,,,,,,,
UEFA Conference League,2025-12-18,1. FSV Mainz 05,Samsunspor Kulübü,,,,,,,,,
UEFA Conference League,2025-12-18,ŠK Slovan Bratislava,BK Häcken,,,,,,,,,
UEFA Conference League,2025-12-18,Aberdeen,@ AC Sparta Praha,,,,,,,,,
UEFA Conference League,2025-12-18,KF Shkëndija 79,@ AEK Larnaca,,,,,,,,,
UEFA Conference League,2025-12-18,Jagiellonia Bialystok,@ AZ Alkmaar,,,,,,,,,
UEFA Conference League,2025-12-18,Kuopion Palloseura,@ Crystal Palace FC,,,,,,,,,
UEFA Conference League,2025-12-18,KKS Lech Poznań,@ SK Sigma Olomouc,,,,,,,,,
UEFA Conference League,2025-12-18,FC Noah,@ FK Dynamo Kyiv,,,,,,,,,
UEFA Conference League,2025-12-18,ACF Fiorentina,@ FC Lausanne-Sport,,,,,,,,,
UEFA Conference League,2025-12-18,SK Rapid Wien,@ HŠK Zrinjski Mostar,,,,,,,,,
UEFA Conference League,2025-12-18,Lincoln Red Imps FC,@ Legia Warszawa,,,,,,,,,
UEFA Conference League,2025-12-18,Shelbourne FC,@ Nogometni klub Celje,,,,,,,,,
UEFA Conference League,2025-12-18,Raków Częstochowa,@ AC Omonia,,,,,,,,,
UEFA Conference League,2025-12-18,Breiðablik,@ Strasbourg,,,,,,,,,
UEFA Conference League,2025-12-18,Ħamrun Spartans FC,@ Shamrock Rovers FC ,,,,,,,,,
UEFA Conference League,2025-12-18,﻿Drita KF Gjilan,@ Rayo Vallecano,,,,,,,,,
UEFA Conference League,2025-12-18,Rijeka,@ FK Shakhtar Donetsk,,,,,,,,,
UEFA Conference League,2025-12-18,BK Häcken,@ ŠK Slovan Bratislava,,,,,,,,,
English Premier League,2025-12-20,AFC Bournemouth,Burnley FC,Promoted,1761.0,1518.0,1.97,1.12,Anfield West,0.57,0.15,0.28
English Premier League,2025-12-20,Newcastle United FC,Chelsea FC,W 2-0,1809.0,1939.0,0.93,1.92,Anfield West,0.17,0.24,0.59
English Premier League,2025-12-20,Manchester City FC,West Ham United FC,W 4-1,1953.0,1629.0,2.18,1.04,Anfield West,0.62,0.24,0.14
English Premier League,2025-12-20,Crystal Palace FC,@ Leeds United AFC,Promoted,1840.0,1520.0,2.27,0.74,Anfield West,0.75,0.13,0.12
English Premier League,2025-12-20,Arsenal FC,@ Everton FC,D 1-1,2028.0,1723.0,2.68,0.63,Anfield West,0.81,0.14,0.05
English Premier League,2025-12-20,Liverpool FC,@ Tottenham Hotspur FC,W 3-6,1886.0,1768.0,1.79,1.31,Anfield West,0.45,0.23,0.32
English Premier League,2025-12-20,Brentford FC,@ Wolverhampton Wanderers FC,D 1-1,1757.0,1518.0,2.29,0.92,Anfield West,0.7,0.19,0.11
English Premier League,2025-12-20,West Ham United FC,@ Manchester City FC,L 4-1,1629.0,1953.0,1.04,2.18,Anfield West,0.14,0.24,0.62
English Premier League,2025-12-20,Brighton & Hove Albion FC,Sunderland AFC,Promoted,1805.0,1570.0,1.93,1.12,Anfield West,0.59,0.19,0.22
English Premier League,2025-12-20,Burnley FC,@ AFC Bournemouth,Promoted,1518.0,1761.0,1.12,1.97,Anfield West,0.28,0.15,0.57
English Premier League,2025-12-20,Chelsea FC,@ Newcastle United FC,L 2-0,1939.0,1809.0,1.92,0.93,Anfield West,0.59,0.24,0.17
English Premier League,2025-12-20,Sunderland AFC,@ Brighton & Hove Albion FC,Promoted,1570.0,1805.0,1.12,1.93,Anfield West,0.22,0.19,0.59
English Premier League,2025-12-20,Wolverhampton Wanderers FC,Brentford FC,D 1-1,1518.0,1757.0,0.92,2.29,Anfield West,0.11,0.19,0.7
English Premier League,2025-12-20,Leeds United AFC,Crystal Palace FC,Promoted,1520.0,1840.0,0.74,2.27,Anfield West,0.12,0.13,0.75
English Premier League,2025-12-20,Everton FC,Arsenal FC,D 1-1,1723.0,2028.0,0.63,2.68,Anfield West,0.05,0.14,0.81
English Premier League,2025-12-20,Tottenham Hotspur FC,Liverpool FC,L 3-6,1768.0,1886.0,1.31,1.79,Anfield West,0.32,0.23,0.45
English Premier League,2025-12-21,Aston Villa FC,Manchester United FC,D 0-0,1866.0,1763.0,1.62,0.92,Anfield West,0.56,0.23,0.21
English Premier League,2025-12-21,Manchester United FC,@ Aston Villa FC,D 0-0,1763.0,1866.0,0.92,1.62,Anfield West,0.21,0.23,0.56
English Premier League,2025-12-22,Fulham FC,Nottingham Forest FC,W 2-1,1683.0,1711.0,1.34,2.01,Anfield West,0.22,0.2,0.58
English Premier League,2025-12-22,Nottingham Forest FC,@ Fulham FC,L 2-1,1711.0,1683.0,2.01,1.34,Anfield West,0.58,0.2,0.22
EFL Cup,2025-12-23,Arsenal FC,Crystal Palace FC,W 3-2,,,,,,,,
EFL Cup,2025-12-23,Crystal Palace FC,@ Arsenal FC,L 3-2,,,,,,,,
English Premier League,2025-12-26,Newcastle United FC,@ Manchester United FC,W 0-2,1809.0,1763.0,1.69,1.5,Anfield West,0.43,0.22,0.35
English Premier League,2025-12-26,Manchester United FC,Newcastle United FC,L 0-2,1763.0,1809.0,1.5,1.69,Anfield West,0.35,0.22,0.43
English Premier League,2025-12-27,Manchester City FC,@ Nottingham Forest FC,L 1-0,1953.0,1711.0,1.8,1.27,Anfield West,0.5,0.2,0.3
English Premier League,2025-12-27,Brighton & Hove Albion FC,@ Arsenal FC,D 1-1,1805.0,2028.0,0.92,2.45,Anfield West,0.15,0.14,0.71
English Premier League,2025-12-27,Arsenal FC,Brighton & Hove Albion FC,D 1-1,2028.0,1805.0,2.45,0.92,Anfield West,0.71,0.14,0.15
English Premier League,2025-12-27,AFC Bournemouth,@ Brentford FC,L 3-2,1761.0,1757.0,1.36,1.6,Anfield West,0.31,0.21,0.48
English Premier League,2025-12-27,Everton FC,@ Burnley FC,Promoted,1723.0,1518.0,2.08,1.03,Anfield West,0.6,0.23,0.17
English Premier League,2025-12-27,Wolverhampton Wanderers FC,@ Liverpool FC,L 2-1,1518.0,1886.0,0.65,2.67,Anfield West,0.06,0.09,0.85
English Premier League,2025-12-27,Fulham FC,@ West Ham United FC,L 3-2,1683.0,1629.0,1.72,1.39,Anfield West,0.53,0.12,0.35
English Premier League,2025-12-27,Aston Villa FC,@ Chelsea FC,L 3-0,1866.0,1939.0,1.53,1.86,Anfield West,0.33,0.22,0.45
English Premier League,2025-12-27,Nottingham Forest FC,Manchester City FC,W 1-0,1711.0,1953.0,1.27,1.8,Anfield West,0.3,0.2,0.5
English Premier League,2025-12-27,Brentford FC,AFC Bournemouth,W 3-2,1757.0,1761.0,1.6,1.36,Anfield West,0.48,0.21,0.31
English Premier League,2025-12-27,Burnley FC,Everton FC,Promoted,1518.0,1723.0,1.03,2.08,Anfield West,0.17,0.23,0.6
English Premier League,2025-12-27,Chelsea FC,Aston Villa FC,W 3-0,1939.0,1866.0,1.86,1.53,Anfield West,0.45,0.22,0.33
English Premier League,2025-12-27,West Ham United FC,Fulham FC,W 3-2,1629.0,1683.0,1.39,1.72,Anfield West,0.35,0.12,0.53
English Premier League,2025-12-27,Liverpool FC,Wolverhampton Wanderers FC,W 2-1,1886.0,1518.0,2.67,0.65,Anfield West,0.85,0.09,0.06
English Premier League,2025-12-28,Sunderland AFC,Leeds United AFC,Promoted,1570.0,1520.0,1.82,1.4,Anfield West,0.45,0.28,0.27
English Premier League,2025-12-28,Leeds United AFC,@ Sunderland AFC,Promoted,1520.0,1570.0,1.4,1.82,Anfield West,0.27,0.28,0.45
English Premier League,2025-12-28,Crystal Palace FC,Tottenham Hotspur FC,W 1-0,1840.0,1768.0,1.71,1.44,Anfield West,0.4,0.33,0.27
English Premier League,2025-12-28,Tottenham Hotspur FC,@ Crystal Palace FC,L 1-0,1768.0,1840.0,1.44,1.71,Anfield West,0.27,0.33,0.4
English Premier League,2025-12-30,Burnley FC,Newcastle United FC,Promoted,1518.0,1809.0,0.71,2.42,Anfield West,0.08,0.17,0.75
English Premier League,2025-12-30,Wolverhampton Wanderers FC,@ Manchester United FC,W 0-1,1518.0,1763.0,0.85,2.61,Anfield West,0.09,0.16,0.75
English Premier League,2025-12-30,Aston Villa FC,@ Arsenal FC,D 2-2,1866.0,2028.0,1.18,2.13,Anfield West,0.16,0.23,0.61
English Premier League,2025-12-30,Brighton & Hove Albion FC,@ West Ham United FC,D 1-1,1805.0,1629.0,1.8,1.39,Anfield West,0.43,0.28,0.29
English Premier League,2025-12-30,Everton FC,@ Nottingham Forest FC,W 0-1,1723.0,1711.0,1.37,1.92,Anfield West,0.27,0.22,0.51
English Premier League,2025-12-30,AFC Bournemouth,@ Chelsea FC,D 2-2,1761.0,1939.0,0.84,2.46,Anfield West,0.13,0.14,0.73
English Premier League,2025-12-30,Newcastle United FC,@ Burnley FC,Promoted,1809.0,1518.0,2.42,0.71,Anfield West,0.75,0.17,0.08
English Premier League,2025-12-30,Chelsea FC,AFC Bournemouth,D 2-2,1939.0,1761.0,2.46,0.84,Anfield West,0.73,0.14,0.13
English Premier League,2025-12-30,Nottingham Forest FC,Everton FC,L 0-1,1711.0,1723.0,1.92,1.37,Anfield West,0.51,0.22,0.27
English Premier League,2025-12-30,West Ham United FC,Brighton & Hove Albion FC,D 1-1,1629.0,1805.0,1.39,1.8,Anfield West,0.29,0.28,0.43
English Premier League,2025-12-30,Arsenal FC,Aston Villa FC,D 2-2,2028.0,1866.0,2.13,1.18,Anfield West,0.61,0.23,0.16
English Premier League,2025-12-30,Manchester United FC,Wolverhampton Wanderers FC,L 0-1,1763.0,1518.0,2.61,0.85,Anfield West,0.75,0.16,0.09
English Premier League,2026-01-01,Crystal Palace FC,Fulham FC,L 0-2,1840.0,1683.0,1.93,1.25,Anfield West,0.54,0.24,0.22
English Premier League,2026-01-01,Fulham FC,@ Crystal Palace FC,W 0-2,1683.0,1840.0,1.25,1.93,Anfield West,0.22,0.24,0.54
English Premier League,2026-01-01,Leeds United AFC,@ Liverpool FC,Promoted,1520.0,1886.0,0.61,2.23,Anfield West,0.07,0.19,0.74
English Premier League,2026-01-01,Brentford FC,Tottenham Hotspur FC,L 0-2,1757.0,1768.0,1.43,1.55,Anfield West,0.41,0.23,0.36
English Premier League,2026-01-01,Tottenham Hotspur FC,@ Brentford FC,W 0-2,1768.0,1757.0,1.55,1.43,Anfield West,0.36,0.23,0.41
English Premier League,2026-01-01,Manchester City FC,@ Sunderland AFC,Promoted,1953.0,1570.0,2.4,0.75,Anfield West,0.74,0.16,0.1
English Premier League,2026-01-01,Liverpool FC,Leeds United AFC,Promoted,1886.0,1520.0,2.23,0.61,Anfield West,0.74,0.19,0.07
English Premier League,2026-01-01,Sunderland AFC,Manchester City FC,Promoted,1570.0,1953.0,0.75,2.4,Anfield West,0.1,0.16,0.74
English Premier League,2026-01-03,Nottingham Forest FC,@ Aston Villa FC,L 2-1,1711.0,1866.0,1.34,1.84,Anfield West,0.28,0.19,0.53
English Premier League,2026-01-03,Burnley FC,@ Brighton & Hove Albion FC,Promoted,1518.0,1805.0,0.88,2.34,Anfield West,0.14,0.2,0.66
English Premier League,2026-01-03,West Ham United FC,@ Wolverhampton Wanderers FC,L 1-0,1629.0,1518.0,2.14,1.33,Anfield West,0.58,0.16,0.26
English Premier League,2026-01-03,Wolverhampton Wanderers FC,West Ham United FC,W 1-0,1518.0,1629.0,1.33,2.14,Anfield West,0.26,0.16,0.58
English Premier League,2026-01-03,Arsenal FC,@ AFC Bournemouth,L 2-0,2028.0,1761.0,2.71,0.47,Anfield West,0.81,0.14,0.05
English Premier League,2026-01-03,Aston Villa FC,Nottingham Forest FC,W 2-1,1866.0,1711.0,1.84,1.34,Anfield West,0.53,0.19,0.28
English Premier League,2026-01-03,Brighton & Hove Albion FC,Burnley FC,Promoted,1805.0,1518.0,2.34,0.88,Anfield West,0.66,0.2,0.14
English Premier League,2026-01-03,AFC Bournemouth,Arsenal FC,W 2-0,1761.0,2028.0,0.47,2.71,Anfield West,0.05,0.14,0.81
English Premier League,2026-01-04,Everton FC,Brentford FC,D 0-0,1723.0,1757.0,1.3,1.71,Anfield West,0.27,0.31,0.42
English Premier League,2026-01-04,Chelsea FC,@ Manchester City FC,L 3-1,1939.0,1953.0,1.62,1.71,Anfield West,0.35,0.28,0.37
English Premier League,2026-01-04,Sunderland AFC,@ Tottenham Hotspur FC,Promoted,1570.0,1768.0,1.03,2.11,Anfield West,0.16,0.21,0.63
English Premier League,2026-01-04,Crystal Palace FC,@ Newcastle United FC,L 5-0,1840.0,1809.0,1.65,1.49,Anfield West,0.44,0.2,0.36
English Premier League,2026-01-04,Liverpool FC,@ Fulham FC,L 3-2,1886.0,1683.0,1.78,1.38,Anfield West,0.47,0.28,0.25
English Premier League,2026-01-04,Newcastle United FC,Crystal Palace FC,W 5-0,1809.0,1840.0,1.49,1.65,Anfield West,0.36,0.2,0.44
English Premier League,2026-01-04,Tottenham Hotspur FC,Sunderland AFC,Promoted,1768.0,1570.0,2.11,1.03,Anfield West,0.63,0.21,0.16
English Premier League,2026-01-04,Manchester City FC,Chelsea FC,W 3-1,1953.0,1939.0,1.71,1.62,Anfield West,0.37,0.28,0.35
English Premier League,2026-01-04,Brentford FC,@ Everton FC,D 0-0,1757.0,1723.0,1.71,1.3,Anfield West,0.42,0.31,0.27
English Premier League,2026-01-04,Fulham FC,Liverpool FC,W 3-2,1683.0,1886.0,1.38,1.78,Anfield West,0.25,0.28,0.47
English Premier League,2026-01-04,Manchester United FC,@ Leeds United AFC,Promoted,1763.0,1520.0,2.33,0.81,Anfield West,0.68,0.16,0.16
English Premier League,2026-01-04,Leeds United AFC,Manchester United FC,Promoted,1520.0,1763.0,0.81,2.33,Anfield West,0.16,0.16,0.68
English Premier League,2026-01-06,West Ham United FC,Nottingham Forest FC,L 1-2,1629.0,1711.0,1.05,1.97,Anfield West,0.2,0.24,0.56
English Premier League,2026-01-06,Nottingham Forest FC,@ West Ham United FC,W 1-2,1711.0,1629.0,1.97,1.05,Anfield West,0.56,0.24,0.2
English Premier League,2026-01-07,Manchester United FC,@ Burnley FC,Promoted,1763.0,1518.0,2.05,0.93,Anfield West,0.65,0.19,0.16
English Premier League,2026-01-07,Brighton & Hove Albion FC,@ Manchester City FC,D 2-2,1805.0,1953.0,1.18,2.21,Anfield West,0.18,0.22,0.6
English Premier League,2026-01-07,Chelsea FC,@ Fulham FC,W 1-2,1939.0,1683.0,2.36,1.02,Anfield West,0.64,0.17,0.19
English Premier League,2026-01-07,Wolverhampton Wanderers FC,@ Everton FC,L 4-0,1518.0,1723.0,1.33,1.97,Anfield West,0.24,0.24,0.52
English Premier League,2026-01-07,Sunderland AFC,@ Brentford FC,Promoted,1570.0,1757.0,0.99,2.42,Anfield West,0.16,0.17,0.67
English Premier League,2026-01-07,Aston Villa FC,@ Crystal Palace FC,L 4-1,1866.0,1840.0,1.91,1.28,Anfield West,0.54,0.23,0.23
English Premier League,2026-01-07,Tottenham Hotspur FC,@ AFC Bournemouth,L 1-0,1768.0,1761.0,1.66,1.22,Anfield West,0.48,0.26,0.26
English Premier League,2026-01-07,AFC Bournemouth,Tottenham Hotspur FC,W 1-0,1761.0,1768.0,1.22,1.66,Anfield West,0.26,0.26,0.48
English Premier League,2026-01-07,Newcastle United FC,Leeds United AFC,Promoted,1809.0,1520.0,2.45,0.68,Anfield West,0.73,0.15,0.12
English Premier League,2026-01-07,Burnley FC,Manchester United FC,Promoted,1518.0,1763.0,0.93,2.05,Anfield West,0.16,0.19,0.65
English Premier League,2026-01-07,Manchester City FC,Brighton & Hove Albion FC,D 2-2,1953.0,1805.0,2.21,1.18,Anfield West,0.6,0.22,0.18
English Premier League,2026-01-07,Fulham FC,Chelsea FC,L 1-2,1683.0,1939.0,1.02,2.36,Anfield West,0.19,0.17,0.64
English Premier League,2026-01-07,Everton FC,Wolverhampton Wanderers FC,W 4-0,1723.0,1518.0,1.97,1.33,Anfield West,0.52,0.24,0.24
English Premier League,2026-01-07,Brentford FC,Sunderland AFC,Promoted,1757.0,1570.0,2.42,0.99,Anfield West,0.67,0.17,0.16
English Premier League,2026-01-07,Crystal Palace FC,Aston Villa FC,W 4-1,1840.0,1866.0,1.28,1.91,Anfield West,0.23,0.23,0.54
English Premier League,2026-01-07,Leeds United AFC,@ Newcastle United FC,Promoted,1520.0,1809.0,0.68,2.45,Anfield West,0.12,0.15,0.73
English Premier League,2026-01-08,Liverpool FC,@ Arsenal FC,D 2-2,1886.0,2028.0,0.93,2.29,Anfield West,0.15,0.2,0.65
English Premier League,2026-01-08,Arsenal FC,Liverpool FC,D 2-2,2028.0,1886.0,2.29,0.93,Anfield West,0.65,0.2,0.15
English Premier League,2026-01-17,Brentford FC,@ Chelsea FC,L 2-1,1757.0,1939.0,1.21,1.97,Anfield West,0.23,0.22,0.55
English Premier League,2026-01-17,Leeds United AFC,Fulham FC,Promoted,1520.0,1683.0,0.82,2.34,Anfield West,0.1,0.21,0.69
English Premier League,2026-01-17,Liverpool FC,Burnley FC,Promoted,1886.0,1518.0,2.52,0.91,Anfield West,0.73,0.18,0.09
English Premier League,2026-01-17,Chelsea FC,Brentford FC,W 2-1,1939.0,1757.0,1.97,1.21,Anfield West,0.55,0.22,0.23
English Premier League,2026-01-17,Manchester City FC,@ Manchester United FC,D 0-0,1953.0,1763.0,2.23,1.13,Anfield West,0.61,0.17,0.22
English Premier League,2026-01-17,Crystal Palace FC,@ Sunderland AFC,Promoted,1840.0,1570.0,2.47,0.6,Anfield West,0.77,0.17,0.06
English Premier League,2026-01-17,Nottingham Forest FC,Arsenal FC,D 0-0,1711.0,2028.0,0.97,2.29,Anfield West,0.11,0.22,0.67
English Premier League,2026-01-17,Burnley FC,@ Liverpool FC,Promoted,1518.0,1886.0,0.91,2.52,Anfield West,0.09,0.18,0.73
English Premier League,2026-01-17,Fulham FC,@ Leeds United AFC,Promoted,1683.0,1520.0,2.34,0.82,Anfield West,0.69,0.21,0.1
English Premier League,2026-01-17,West Ham United FC,@ Tottenham Hotspur FC,L 4-1,1629.0,1768.0,1.43,1.78,Anfield West,0.34,0.24,0.42
English Premier League,2026-01-17,Arsenal FC,@ Nottingham Forest FC,D 0-0,2028.0,1711.0,2.29,0.97,Anfield West,0.67,0.22,0.11
English Premier League,2026-01-17,Tottenham Hotspur FC,West Ham United FC,W 4-1,1768.0,1629.0,1.78,1.43,Anfield West,0.42,0.24,0.34
English Premier League,2026-01-17,Sunderland AFC,Crystal Palace FC,Promoted,1570.0,1840.0,0.6,2.47,Anfield West,0.06,0.17,0.77
English Premier League,2026-01-17,Manchester United FC,Manchester City FC,D 0-0,1763.0,1953.0,1.13,2.23,Anfield West,0.22,0.17,0.61
English Premier League,2026-01-18,Newcastle United FC,@ Wolverhampton Wanderers FC,W 1-2,1809.0,1518.0,2.35,0.68,Anfield West,0.71,0.18,0.11
English Premier League,2026-01-18,Wolverhampton Wanderers FC,Newcastle United FC,L 1-2,1518.0,1809.0,0.68,2.35,Anfield West,0.11,0.18,0.71
English Premier League,2026-01-18,Aston Villa FC,Everton FC,W 3-2,1866.0,1723.0,2.23,0.81,Anfield West,0.69,0.19,0.12
English Premier League,2026-01-18,Everton FC,@ Aston Villa FC,L 3-2,1723.0,1866.0,0.81,2.23,Anfield West,0.12,0.19,0.69
English Premier League,2026-01-19,AFC Bournemouth,@ Brighton & Hove Albion FC,L 2-1,1761.0,1805.0,1.1,1.99,Anfield West,0.19,0.19,0.62
English Premier League,2026-01-19,Brighton & Hove Albion FC,AFC Bournemouth,W 2-1,1805.0,1761.0,1.99,1.1,Anfield West,0.62,0.19,0.19
UEFA Champions League,2026-01-20,Real Madrid CF,AS Monaco FC,,,,,,,,,
UEFA Champions League,2026-01-20,FC København,SSC Napoli,,,,,,,,,
UEFA Champions League,2026-01-20,Manchester City FC,@ FK Bodø/Glimt,,,,,,,,,
UEFA Champions League,2026-01-20,BV Borussia 09 Dortmund,@ Tottenham Hotspur FC,,,,,,,,,
UEFA Champions League,2026-01-20,Paris Saint-Germain FC,@ Sporting Clube de Portugal,,,,,,,,,
UEFA Champions League,2026-01-20,SSC Napoli,@ FC København,,,,,,,,,
UEFA Champions League,2026-01-20,AFC Ajax,@ Villarreal CF,,,,,,,,,
UEFA Champions League,2026-01-20,AS Monaco FC,@ Real Madrid CF,,,,,,,,,
UEFA Champions League,2026-01-20,Arsenal FC,@ FC Internazionale Milano,L 1-0,,,,,,,,
UEFA Champions League,2026-01-20,PAE Olympiakos SFP,Bayer 04 Leverkusen,,,,,,,,,
UEFA Champions League,2026-01-20,Sporting Clube de Portugal,Paris Saint-Germain FC,,,,,,,,,
UEFA Champions League,2026-01-20,Tottenham Hotspur FC,BV Borussia 09 Dortmund,,,,,,,,,
UEFA Champions League,2026-01-20,FK Bodø/Glimt,Manchester City FC,,,,,,,,,
UEFA Champions League,2026-01-20,FC Kairat,Club Brugge KV,,,,,,,,,
UEFA Champions League,2026-01-20,Bayer 04 Leverkusen,@ PAE Olympiakos SFP,,,,,,,,,
UEFA Champions League,2026-01-20,Villarreal CF,AFC Ajax,,,,,,,,,
UEFA Champions League,2026-01-20,Club Brugge KV,@ FC Kairat,,,,,,,,,
UEFA Champions League,2026-01-20,FC Internazionale Milano,Arsenal FC,W 1-0,,,,,,,,
UEFA Champions League,2026-01-21,Pafos FC,@ Chelsea FC,,,,,,,,,
UEFA Champions League,2026-01-21,Royale Union Saint-Gilloise,@ FC Bayern München,,,,,,,,,
UEFA Champions League,2026-01-21,PSV Eindhoven,@ Newcastle United FC,,,,,,,,,
UEFA Champions League,2026-01-21,Sport Lisboa e Benfica,@ Juventus FC,W 0-2,,,,,,,,
UEFA Champions League,2026-01-21,Athletic Bilbao,@ Atalanta BC,,,,,,,,,
UEFA Champions League,2026-01-21,Liverpool FC,@ ﻿Olympique de Marseille,,,,,,,,,
UEFA Champions League,2026-01-21,Club Atlético de Madrid,@ Galatasaray SK,,,,,,,,,
UEFA Champions League,2026-01-21,Eintracht Frankfurt,@ Qarabağ Ağdam FK,,,,,,,,,
UEFA Champions League,2026-01-21,FC Barcelona,@ SK Slavia Praha,,,,,,,,,
UEFA Champions League,2026-01-21,﻿Olympique de Marseille,Liverpool FC,,,,,,,,,
UEFA Champions League,2026-01-21,SK Slavia Praha,FC Barcelona,,,,,,,,,
UEFA Champions League,2026-01-21,Atalanta BC,Athletic Bilbao,,,,,,,,,
UEFA Champions League,2026-01-21,Juventus FC,Sport Lisboa e Benfica,L 0-2,,,,,,,,
UEFA Champions League,2026-01-21,Newcastle United FC,PSV Eindhoven,,,,,,,,,
UEFA Champions League,2026-01-21,Qarabağ Ağdam FK,Eintracht Frankfurt,,,,,,,,,
UEFA Champions League,2026-01-21,Chelsea FC,Pafos FC,,,,,,,,,
UEFA Champions League,2026-01-21,Galatasaray SK,Club Atlético de Madrid,,,,,,,,,
UEFA Champions League,2026-01-21,FC Bayern München,Royale Union Saint-Gilloise,,,,,,,,,
UEFA Europa League,2026-01-22,Celtic FC,@ Bologna FC 1909,,,,,,,,,
UEFA Europa League,2026-01-22,PFK Ludogorets 1945 Razgrad,@ Rangers FC,,,,,,,,,
UEFA Europa League,2026-01-22,Go Ahead Eagles,@ Nice,,,,,,,,,
UEFA Europa League,2026-01-22,Rangers FC,PFK Ludogorets 1945 Razgrad,,,,,,,,,
UEFA Europa League,2026-01-22,Steaua București,@ GNK Dinamo Zagreb,,,,,,,,,
UEFA Europa League,2026-01-22,Panathinaikos,@ Ferencvárosi TC,,,,,,,,,
UEFA Europa League,2026-01-22,FC Basel 1893,@ FC Red Bull Salzburg,,,,,,,,,
UEFA Europa League,2026-01-22,Olympique Lyonnais,@ BSC Young Boys,,,,,,,,,
UEFA Europa League,2026-01-22,Malmö FF,FK Crvena Zvezda,,,,,,,,,
UEFA Europa League,2026-01-22,VfB Stuttgart,@ AS Roma,,,,,,,,,
UEFA Europa League,2026-01-22,Fenerbahçe SK,Aston Villa FC,,,,,,,,,
UEFA Europa League,2026-01-22,FC Viktoria Plzeň,FC Porto,,,,,,,,,
UEFA Europa League,2026-01-22,AS Roma,VfB Stuttgart,,,,,,,,,
UEFA Europa League,2026-01-22,Nottingham Forest FC,@ Sporting Clube de Braga,,,,,,,,,
UEFA Europa League,2026-01-22,FC Midtjylland,@ Brann,,,,,,,,,
UEFA Europa League,2026-01-22,Maccabi Tel Aviv FC,@ SC Freiburg,,,,,,,,,
UEFA Europa League,2026-01-22,KRC Genk,@ Utrecht,,,,,,,,,
UEFA Europa League,2026-01-22,FK Crvena Zvezda,@ Malmö FF,,,,,,,,,
UEFA Europa League,2026-01-22,SK Sturm Graz,@ Feyenoord,,,,,,,,,
UEFA Europa League,2026-01-22,Aston Villa FC,@ Fenerbahçe SK,,,,,,,,,
UEFA Europa League,2026-01-22,FC Porto,@ FC Viktoria Plzeň,,,,,,,,,
UEFA Europa League,2026-01-22,Feyenoord,SK Sturm Graz,,,,,,,,,
UEFA Europa League,2026-01-22,Real Betis,@ PAOK FC,,,,,,,,,
UEFA Europa League,2026-01-22,RC Celta de Vigo,Lille OSC,,,,,,,,,
UEFA Europa League,2026-01-22,Lille OSC,@ RC Celta de Vigo,,,,,,,,,
UEFA Europa League,2026-01-22,Brann,FC Midtjylland,,,,,,,,,
UEFA Europa League,2026-01-22,Bologna FC 1909,Celtic FC,,,,,,,,,
UEFA Europa League,2026-01-22,BSC Young Boys,Olympique Lyonnais,,,,,,,,,
UEFA Europa League,2026-01-22,FC Red Bull Salzburg,FC Basel 1893,,,,,,,,,
UEFA Europa League,2026-01-22,Ferencvárosi TC,Panathinaikos,,,,,,,,,
UEFA Europa League,2026-01-22,SC Freiburg,Maccabi Tel Aviv FC,,,,,,,,,
UEFA Europa League,2026-01-22,GNK Dinamo Zagreb,Steaua București,,,,,,,,,
UEFA Europa League,2026-01-22,Nice,Go Ahead Eagles,,,,,,,,,
UEFA Europa League,2026-01-22,PAOK FC,Real Betis,,,,,,,,,
UEFA Europa League,2026-01-22,Utrecht,KRC Genk,,,,,,,,,
UEFA Europa League,2026-01-22,Sporting Clube de Braga,Nottingham Forest FC,,,,,,,,,
English Premier League,2026-01-24,Nottingham Forest FC,@ Brentford FC,W 0-2,1711.0,1757.0,1.86,1.28,Anfield West,0.57,0.19,0.24
English Premier League,2026-01-24,Tottenham Hotspur FC,@ Burnley FC,Promoted,1768.0,1518.0,2.03,1.05,Anfield West,0.66,0.19,0.15
English Premier League,2026-01-24,Manchester City FC,Wolverhampton Wanderers FC,W 1-0,1953.0,1518.0,2.53,0.38,Anfield West,0.84,0.11,0.05
English Premier League,2026-01-24,Fulham FC,Brighton & Hove Albion FC,W 3-1,1683.0,1805.0,1.47,1.6,Anfield West,0.36,0.21,0.43
English Premier League,2026-01-24,Burnley FC,Tottenham Hotspur FC,Promoted,1518.0,1768.0,1.05,2.03,Anfield West,0.15,0.19,0.66
English Premier League,2026-01-24,West Ham United FC,Sunderland AFC,Promoted,1629.0,1570.0,1.99,1.07,Anfield West,0.65,0.17,0.18
English Premier League,2026-01-24,Brighton & Hove Albion FC,@ Fulham FC,L 3-1,1805.0,1683.0,1.6,1.47,Anfield West,0.43,0.21,0.36
English Premier League,2026-01-24,Wolverhampton Wanderers FC,@ Manchester City FC,L 1-0,1518.0,1953.0,0.38,2.53,Anfield West,0.05,0.11,0.84
English Premier League,2026-01-24,Liverpool FC,@ AFC Bournemouth,W 0-2,1886.0,1761.0,1.79,1.03,Anfield West,0.56,0.21,0.23
English Premier League,2026-01-24,Sunderland AFC,@ West Ham United FC,Promoted,1570.0,1629.0,1.07,1.99,Anfield West,0.18,0.17,0.65
English Premier League,2026-01-24,AFC Bournemouth,Liverpool FC,L 0-2,1761.0,1886.0,1.03,1.79,Anfield West,0.23,0.21,0.56
English Premier League,2026-01-24,Brentford FC,Nottingham Forest FC,L 0-2,1757.0,1711.0,1.28,1.86,Anfield West,0.24,0.19,0.57
English Premier League,2026-01-25,Newcastle United FC,Aston Villa FC,W 3-0,1809.0,1866.0,1.43,2.05,Anfield West,0.24,0.26,0.5
English Premier League,2026-01-25,Arsenal FC,Manchester United FC,W 2-0,2028.0,1763.0,2.2,0.72,Anfield West,0.69,0.19,0.12
English Premier League,2026-01-25,Manchester United FC,@ Arsenal FC,L 2-0,1763.0,2028.0,0.72,2.2,Anfield West,0.12,0.19,0.69
English Premier League,2026-01-25,Aston Villa FC,@ Newcastle United FC,L 3-0,1866.0,1809.0,2.05,1.43,Anfield West,0.5,0.26,0.24
English Premier League,2026-01-25,Chelsea FC,@ Crystal Palace FC,D 1-1,1939.0,1840.0,2.01,1.17,Anfield West,0.57,0.21,0.22
English Premier League,2026-01-25,Crystal Palace FC,Chelsea FC,D 1-1,1840.0,1939.0,1.17,2.01,Anfield West,0.22,0.21,0.57
English Premier League,2026-01-26,Everton FC,Leeds United AFC,Promoted,1723.0,1520.0,2.09,1.04,Anfield West,0.62,0.18,0.2
English Premier League,2026-01-26,Leeds United AFC,@ Everton FC,Promoted,1520.0,1723.0,1.04,2.09,Anfield West,0.2,0.18,0.62
UEFA Champions League,2026-01-28,PSV Eindhoven,FC Bayern München,,,,,,,,,
UEFA Champions League,2026-01-28,﻿Olympique de Marseille,@ Club Brugge KV,,,,,,,,,
UEFA Champions League,2026-01-28,Tottenham Hotspur FC,@ Eintracht Frankfurt,,,,,,,,,
UEFA Champions League,2026-01-28,Liverpool FC,Qarabağ Ağdam FK,,,,,,,,,
UEFA Champions League,2026-01-28,FC Barcelona,FC København,,,,,,,,,
UEFA Champions League,2026-01-28,Manchester City FC,Galatasaray SK,,,,,,,,,
UEFA Champions League,2026-01-28,SSC Napoli,Chelsea FC,,,,,,,,,
UEFA Champions League,2026-01-28,Juventus FC,@ AS Monaco FC,,,,,,,,,
UEFA Champions League,2026-01-28,Sporting Clube de Portugal,@ Athletic Bilbao,,,,,,,,,
UEFA Champions League,2026-01-28,PAE Olympiakos SFP,@ AFC Ajax,,,,,,,,,
UEFA Champions League,2026-01-28,Newcastle United FC,@ Paris Saint-Germain FC,,,,,,,,,
UEFA Champions League,2026-01-28,SK Slavia Praha,@ Pafos FC,,,,,,,,,
UEFA Champions League,2026-01-28,FC Bayern München,@ PSV Eindhoven,,,,,,,,,
UEFA Champions League,2026-01-28,Chelsea FC,@ SSC Napoli,,,,,,,,,
UEFA Champions League,2026-01-28,Bayer 04 Leverkusen,Villarreal CF,,,,,,,,,
UEFA Champions League,2026-01-28,FK Bodø/Glimt,@ Club Atlético de Madrid,,,,,,,,,
UEFA Champions League,2026-01-28,Real Madrid CF,@ Sport Lisboa e Benfica,,,,,,,,,
UEFA Champions League,2026-01-28,FC Kairat,@ Arsenal FC,,,,,,,,,
UEFA Champions League,2026-01-28,Club Brugge KV,﻿Olympique de Marseille,,,,,,,,,
UEFA Champions League,2026-01-28,Eintracht Frankfurt,Tottenham Hotspur FC,,,,,,,,,
UEFA Champions League,2026-01-28,AS Monaco FC,Juventus FC,,,,,,,,,
UEFA Champions League,2026-01-28,Club Atlético de Madrid,FK Bodø/Glimt,,,,,,,,,
UEFA Champions League,2026-01-28,Athletic Bilbao,Sporting Clube de Portugal,,,,,,,,,
UEFA Champions League,2026-01-28,AFC Ajax,PAE Olympiakos SFP,,,,,,,,,
UEFA Champions League,2026-01-28,FC Internazionale Milano,@ BV Borussia 09 Dortmund,,,,,,,,,
UEFA Champions League,2026-01-28,Paris Saint-Germain FC,Newcastle United FC,,,,,,,,,
UEFA Champions League,2026-01-28,Qarabağ Ağdam FK,@ Liverpool FC,,,,,,,,,
UEFA Champions League,2026-01-28,FC København,@ FC Barcelona,,,,,,,,,
UEFA Champions League,2026-01-28,Galatasaray SK,@ Manchester City FC,,,,,,,,,
UEFA Champions League,2026-01-28,Villarreal CF,@ Bayer 04 Leverkusen,,,,,,,,,
UEFA Champions League,2026-01-28,BV Borussia 09 Dortmund,FC Internazionale Milano,,,,,,,,,
UEFA Champions League,2026-01-28,Sport Lisboa e Benfica,Real Madrid CF,,,,,,,,,
UEFA Champions League,2026-01-28,Pafos FC,SK Slavia Praha,,,,,,,,,
UEFA Champions League,2026-01-28,Atalanta BC,@ Royale Union Saint-Gilloise,,,,,,,,,
UEFA Champions League,2026-01-28,Royale Union Saint-Gilloise,Atalanta BC,,,,,,,,,
UEFA Champions League,2026-01-28,Arsenal FC,FC Kairat,,,,,,,,,
UEFA Europa League,2026-01-29,Feyenoord,@ Real Betis,,,,,,,,,
UEFA Europa League,2026-01-29,BSC Young Boys,@ VfB Stuttgart,,,,,,,,,
UEFA Europa League,2026-01-29,FC Red Bull Salzburg,@ Aston Villa FC,,,,,,,,,
UEFA Europa League,2026-01-29,Rangers FC,@ FC Porto,,,,,,,,,
UEFA Europa League,2026-01-29,GNK Dinamo Zagreb,@ FC Midtjylland,,,,,,,,,
UEFA Europa League,2026-01-29,RC Celta de Vigo,@ FK Crvena Zvezda,,,,,,,,,
UEFA Europa League,2026-01-29,Brann,@ SK Sturm Graz,,,,,,,,,
UEFA Europa League,2026-01-29,Sporting Clube de Braga,@ Go Ahead Eagles,,,,,,,,,
UEFA Europa League,2026-01-29,SC Freiburg,@ Lille OSC,,,,,,,,,
UEFA Europa League,2026-01-29,Bologna FC 1909,@ Maccabi Tel Aviv FC,,,,,,,,,
UEFA Europa League,2026-01-29,Ferencvárosi TC,@ Nottingham Forest FC,,,,,,,,,
UEFA Europa League,2026-01-29,PAOK FC,@ Olympique Lyonnais,,,,,,,,,
UEFA Europa League,2026-01-29,AS Roma,@ Panathinaikos,,,,,,,,,
UEFA Europa League,2026-01-29,Nice,@ PFK Ludogorets 1945 Razgrad,,,,,,,,,
UEFA Europa League,2026-01-29,Fenerbahçe SK,@ Steaua București,,,,,,,,,
UEFA Europa League,2026-01-29,FC Viktoria Plzeň,@ FC Basel 1893,,,,,,,,,
UEFA Europa League,2026-01-29,Celtic FC,Utrecht,,,,,,,,,
UEFA Europa League,2026-01-29,KRC Genk,Malmö FF,,,,,,,,,
UEFA Europa League,2026-01-29,Malmö FF,@ KRC Genk,,,,,,,,,
UEFA Europa League,2026-01-29,SK Sturm Graz,Brann,,,,,,,,,
UEFA Europa League,2026-01-29,Real Betis,Feyenoord,,,,,,,,,
UEFA Europa League,2026-01-29,PFK Ludogorets 1945 Razgrad,Nice,,,,,,,,,
UEFA Europa League,2026-01-29,Panathinaikos,AS Roma,,,,,,,,,
UEFA Europa League,2026-01-29,Olympique Lyonnais,PAOK FC,,,,,,,,,
UEFA Europa League,2026-01-29,Nottingham Forest FC,Ferencvárosi TC,,,,,,,,,
UEFA Europa League,2026-01-29,Maccabi Tel Aviv FC,Bologna FC 1909,,,,,,,,,
UEFA Europa League,2026-01-29,Utrecht,@ Celtic FC,,,,,,,,,
UEFA Europa League,2026-01-29,Steaua București,Fenerbahçe SK,,,,,,,,,
UEFA Europa League,2026-01-29,Go Ahead Eagles,Sporting Clube de Braga,,,,,,,,,
UEFA Europa League,2026-01-29,FK Crvena Zvezda,RC Celta de Vigo,,,,,,,,,
UEFA Europa League,2026-01-29,FC Midtjylland,GNK Dinamo Zagreb,,,,,,,,,
UEFA Europa League,2026-01-29,FC Basel 1893,FC Viktoria Plzeň,,,,,,,,,
UEFA Europa League,2026-01-29,FC Porto,Rangers FC,,,,,,,,,
UEFA Europa League,2026-01-29,Aston Villa FC,FC Red Bull Salzburg,,,,,,,,,
UEFA Europa League,2026-01-29,Lille OSC,SC Freiburg,,,,,,,,,
UEFA Europa League,2026-01-29,VfB Stuttgart,BSC Young Boys,,,,,,,,,
English Premier League,2026-01-31,Liverpool FC,Newcastle United FC,W 2-0,1886.0,1809.0,1.44,1.7,Anfield West,0.32,0.25,0.43
English Premier League,2026-01-31,Chelsea FC,West Ham United FC,W 2-1,1939.0,1629.0,2.56,0.58,Anfield West,0.78,0.17,0.05
English Premier League,2026-01-31,Wolverhampton Wanderers FC,AFC Bournemouth,L 2-4,1518.0,1761.0,1.2,1.91,Anfield West,0.23,0.23,0.54
English Premier League,2026-01-31,Newcastle United FC,@ Liverpool FC,L 2-0,1809.0,1886.0,1.7,1.44,Anfield West,0.43,0.25,0.32
English Premier League,2026-01-31,AFC Bournemouth,@ Wolverhampton Wanderers FC,W 2-4,1761.0,1518.0,1.91,1.2,Anfield West,0.54,0.23,0.23
English Premier League,2026-01-31,Arsenal FC,@ Leeds United AFC,Promoted,2028.0,1520.0,3.04,0.02,Anfield West,0.91,0.09,0.0
English Premier League,2026-01-31,Everton FC,@ Brighton & Hove Albion FC,W 0-1,1723.0,1805.0,1.31,2.03,Anfield West,0.26,0.19,0.55
English Premier League,2026-01-31,Leeds United AFC,Arsenal FC,Promoted,1520.0,2028.0,0.02,3.04,Anfield West,0.0,0.09,0.91
English Premier League,2026-01-31,Brighton & Hove Albion FC,Everton FC,L 0-1,1805.0,1723.0,2.03,1.31,Anfield West,0.55,0.19,0.26
English Premier League,2026-01-31,West Ham United FC,@ Chelsea FC,L 2-1,1629.0,1939.0,0.58,2.56,Anfield West,0.05,0.17,0.78
English Premier League,2026-02-01,Nottingham Forest FC,Crystal Palace FC,W 1-0,1711.0,1840.0,1.36,1.52,Anfield West,0.39,0.15,0.46
English Premier League,2026-02-01,Brentford FC,@ Aston Villa FC,L 3-1,1757.0,1866.0,0.94,2.2,Anfield West,0.13,0.19,0.68
English Premier League,2026-02-01,Fulham FC,@ Manchester United FC,L 1-0,1683.0,1763.0,1.71,1.49,Anfield West,0.41,0.24,0.35
English Premier League,2026-02-01,Crystal Palace FC,@ Nottingham Forest FC,L 1-0,1840.0,1711.0,1.52,1.36,Anfield West,0.46,0.15,0.39
English Premier League,2026-02-01,Manchester City FC,@ Tottenham Hotspur FC,W 0-1,1953.0,1768.0,2.24,0.98,Anfield West,0.66,0.2,0.14
English Premier League,2026-02-01,Aston Villa FC,Brentford FC,W 3-1,1866.0,1757.0,2.2,0.94,Anfield West,0.68,0.19,0.13
English Premier League,2026-02-01,Manchester United FC,Fulham FC,W 1-0,1763.0,1683.0,1.49,1.71,Anfield West,0.35,0.24,0.41
English Premier League,2026-02-01,Tottenham Hotspur FC,Manchester City FC,L 0-1,1768.0,1953.0,0.98,2.24,Anfield West,0.14,0.2,0.66
English Premier League,2026-02-02,Burnley FC,@ Sunderland AFC,Promoted,1518.0,1570.0,1.75,1.18,Anfield West,0.52,0.2,0.28
English Premier League,2026-02-02,Sunderland AFC,Burnley FC,Promoted,1570.0,1518.0,1.18,1.75,Anfield West,0.28,0.2,0.52
English Premier League,2026-02-07,AFC Bournemouth,Aston Villa FC,L 0-1,1761.0,1866.0,0.55,2.57,Anfield West,0.06,0.14,0.8
English Premier League,2026-02-07,Brighton & Hove Albion FC,Crystal Palace FC,L 1-3,1805.0,1840.0,1.54,1.51,Anfield West,0.4,0.24,0.36
English Premier League,2026-02-07,Arsenal FC,Sunderland AFC,Promoted,2028.0,1570.0,3.35,0.09,Anfield West,0.95,0.05,0.0
English Premier League,2026-02-07,Burnley FC,West Ham United FC,Promoted,1518.0,1629.0,1.28,2.16,Anfield West,0.22,0.18,0.6
English Premier League,2026-02-07,Fulham FC,Everton FC,L 1-3,1683.0,1723.0,1.91,1.27,Anfield West,0.53,0.22,0.25
English Premier League,2026-02-07,Liverpool FC,Manchester City FC,W 2-0,1886.0,1953.0,1.09,1.96,Anfield West,0.25,0.15,0.6
English Premier League,2026-02-07,Leeds United AFC,Nottingham Forest FC,Promoted,1520.0,1711.0,0.42,2.74,Anfield West,0.05,0.12,0.83
English Premier League,2026-02-07,Manchester United FC,Tottenham Hotspur FC,L 0-3,1763.0,1768.0,1.77,1.33,Anfield West,0.47,0.28,0.25
English Premier League,2026-02-07,Wolverhampton Wanderers FC,Chelsea FC,L 2-6,1518.0,1939.0,0.16,3.13,Anfield West,0.0,0.09,0.91
English Premier League,2026-02-07,Newcastle United FC,Brentford FC,W 2-1,1809.0,1757.0,1.77,1.26,Anfield West,0.49,0.25,0.26
English Premier League,2026-02-07,West Ham United FC,@ Burnley FC,Promoted,1629.0,1518.0,2.16,1.28,Anfield West,0.6,0.18,0.22
English Premier League,2026-02-07,Crystal Palace FC,@ Brighton & Hove Albion FC,W 1-3,1840.0,1805.0,1.51,1.54,Anfield West,0.36,0.24,0.4
English Premier League,2026-02-07,Sunderland AFC,@ Arsenal FC,Promoted,1570.0,2028.0,0.09,3.35,Anfield West,0.0,0.05,0.95
English Premier League,2026-02-07,Everton FC,@ Fulham FC,W 1-3,1723.0,1683.0,1.27,1.91,Anfield West,0.25,0.22,0.53
English Premier League,2026-02-07,Manchester City FC,@ Liverpool FC,L 2-0,1953.0,1886.0,1.96,1.09,Anfield West,0.6,0.15,0.25
English Premier League,2026-02-07,Nottingham Forest FC,@ Leeds United AFC,Promoted,1711.0,1520.0,2.74,0.42,Anfield West,0.83,0.12,0.05
English Premier League,2026-02-07,Tottenham Hotspur FC,@ Manchester United FC,W 0-3,1768.0,1763.0,1.33,1.77,Anfield West,0.25,0.28,0.47
English Premier League,2026-02-07,Aston Villa FC,@ AFC Bournemouth,W 0-1,1866.0,1761.0,2.57,0.55,Anfield West,0.8,0.14,0.06
English Premier League,2026-02-07,Brentford FC,@ Newcastle United FC,L 2-1,1757.0,1809.0,1.26,1.77,Anfield West,0.26,0.25,0.49
English Premier League,2026-02-07,Chelsea FC,@ Wolverhampton Wanderers FC,W 2-6,1939.0,1518.0,3.13,0.16,Anfield West,0.91,0.09,0.0
English Premier League,2026-02-11,Liverpool FC,@ Sunderland AFC,Promoted,1886.0,1570.0,2.59,0.63,Anfield West,0.84,0.11,0.05
English Premier League,2026-02-11,Brighton & Hove Albion FC,@ Aston Villa FC,D 2-2,1805.0,1866.0,1.01,1.99,Anfield West,0.22,0.19,0.59
English Premier League,2026-02-11,Burnley FC,@ Crystal Palace FC,Promoted,1518.0,1840.0,0.83,2.55,Anfield West,0.09,0.16,0.75
English Premier League,2026-02-11,Arsenal FC,@ Brentford FC,W 1-3,2028.0,1757.0,2.27,0.85,Anfield West,0.69,0.19,0.12
English Premier League,2026-02-11,Leeds United AFC,@ Chelsea FC,Promoted,1520.0,1939.0,0.12,3.24,Anfield West,0.01,0.05,0.94
English Premier League,2026-02-11,Manchester United FC,@ West Ham United FC,L 2-1,1763.0,1629.0,1.71,1.53,Anfield West,0.4,0.26,0.34
English Premier League,2026-02-11,AFC Bournemouth,@ Everton FC,W 2-3,1761.0,1723.0,1.19,2.06,Anfield West,0.25,0.19,0.56
English Premier League,2026-02-11,Fulham FC,@ Manchester City FC,L 3-2,1683.0,1953.0,0.98,2.24,Anfield West,0.15,0.21,0.64
English Premier League,2026-02-11,Wolverhampton Wanderers FC,@ Nottingham Forest FC,D 1-1,1518.0,1711.0,0.73,2.58,Anfield West,0.06,0.18,0.76
English Premier League,2026-02-11,Newcastle United FC,@ Tottenham Hotspur FC,W 1-2,1809.0,1768.0,1.91,1.05,Anfield West,0.55,0.21,0.24
English Premier League,2026-02-11,Tottenham Hotspur FC,Newcastle United FC,L 1-2,1768.0,1809.0,1.05,1.91,Anfield West,0.24,0.21,0.55
English Premier League,2026-02-11,Sunderland AFC,Liverpool FC,Promoted,1570.0,1886.0,0.63,2.59,Anfield West,0.05,0.11,0.84
English Premier League,2026-02-11,Aston Villa FC,Brighton & Hove Albion FC,D 2-2,1866.0,1805.0,1.99,1.01,Anfield West,0.59,0.19,0.22
English Premier League,2026-02-11,Crystal Palace FC,Burnley FC,Promoted,1840.0,1518.0,2.55,0.83,Anfield West,0.75,0.16,0.09
English Premier League,2026-02-11,Brentford FC,Arsenal FC,L 1-3,1757.0,2028.0,0.85,2.27,Anfield West,0.12,0.19,0.69
English Premier League,2026-02-11,Chelsea FC,Leeds United AFC,Promoted,1939.0,1520.0,3.24,0.12,Anfield West,0.94,0.05,0.01
English Premier League,2026-02-11,Everton FC,AFC Bournemouth,L 2-3,1723.0,1761.0,2.06,1.19,Anfield West,0.56,0.19,0.25
English Premier League,2026-02-11,Manchester City FC,Fulham FC,W 3-2,1953.0,1683.0,2.24,0.98,Anfield West,0.64,0.21,0.15
English Premier League,2026-02-11,West Ham United FC,Manchester United FC,W 2-1,1629.0,1763.0,1.53,1.71,Anfield West,0.34,0.26,0.4
English Premier League,2026-02-11,Nottingham Forest FC,Wolverhampton Wanderers FC,D 1-1,1711.0,1518.0,2.58,0.73,Anfield West,0.76,0.18,0.06
English Premier League,2026-02-21,West Ham United FC,AFC Bournemouth,D 2-2,1629.0,1761.0,1.75,1.51,Anfield West,0.46,0.24,0.3
English Premier League,2026-02-21,Sunderland AFC,Fulham FC,Promoted,1570.0,1683.0,0.73,2.07,Anfield West,0.14,0.16,0.7
English Premier League,2026-02-21,Aston Villa FC,Leeds United AFC,Promoted,1866.0,1520.0,3.14,0.17,Anfield West,0.93,0.06,0.01
English Premier League,2026-02-21,Crystal Palace FC,Wolverhampton Wanderers FC,W 4-2,1840.0,1518.0,1.96,0.94,Anfield West,0.6,0.25,0.15
English Premier League,2026-02-21,Brentford FC,Brighton & Hove Albion FC,W 4-2,1757.0,1805.0,1.36,1.71,Anfield West,0.32,0.26,0.42
English Premier League,2026-02-21,Chelsea FC,Burnley FC,Promoted,1939.0,1518.0,2.92,0.21,Anfield West,0.88,0.09,0.03
English Premier League,2026-02-21,Everton FC,Manchester United FC,D 2-2,1723.0,1763.0,1.22,1.85,Anfield West,0.26,0.16,0.58
English Premier League,2026-02-21,Manchester City FC,Newcastle United FC,W 4-0,1953.0,1809.0,1.71,1.25,Anfield West,0.52,0.17,0.31
English Premier League,2026-02-21,Nottingham Forest FC,Liverpool FC,D 1-1,1711.0,1886.0,1.75,1.35,Anfield West,0.49,0.22,0.29
English Premier League,2026-02-21,Tottenham Hotspur FC,Arsenal FC,L 0-1,1768.0,2028.0,0.63,2.56,Anfield West,0.09,0.13,0.78
English Premier League,2026-02-21,Fulham FC,@ Sunderland AFC,Promoted,1683.0,1570.0,2.07,0.73,Anfield West,0.7,0.16,0.14
English Premier League,2026-02-21,Leeds United AFC,@ Aston Villa FC,Promoted,1520.0,1866.0,0.17,3.14,Anfield West,0.01,0.06,0.93
English Premier League,2026-02-21,Brighton & Hove Albion FC,@ Brentford FC,L 4-2,1805.0,1757.0,1.71,1.36,Anfield West,0.42,0.26,0.32
English Premier League,2026-02-21,Burnley FC,@ Chelsea FC,Promoted,1518.0,1939.0,0.21,2.92,Anfield West,0.03,0.09,0.88
English Premier League,2026-02-21,Manchester United FC,@ Everton FC,D 2-2,1763.0,1723.0,1.85,1.22,Anfield West,0.58,0.16,0.26
English Premier League,2026-02-21,Newcastle United FC,@ Manchester City FC,L 4-0,1809.0,1953.0,1.25,1.71,Anfield West,0.31,0.17,0.52
English Premier League,2026-02-21,Liverpool FC,@ Nottingham Forest FC,D 1-1,1886.0,1711.0,1.35,1.75,Anfield West,0.29,0.22,0.49
English Premier League,2026-02-21,Arsenal FC,@ Tottenham Hotspur FC,W 0-1,2028.0,1768.0,2.56,0.63,Anfield West,0.78,0.13,0.09
English Premier League,2026-02-21,AFC Bournemouth,@ West Ham United FC,D 2-2,1761.0,1629.0,1.51,1.75,Anfield West,0.3,0.24,0.46
English Premier League,2026-02-21,Wolverhampton Wanderers FC,@ Crystal Palace FC,L 4-2,1518.0,1840.0,0.94,1.96,Anfield West,0.15,0.25,0.6
English Premier League,2026-02-28,Chelsea FC,@ Arsenal FC,L 1-0,1939.0,2028.0,1.4,1.6,Anfield West,0.32,0.26,0.42
English Premier League,2026-02-28,Brentford FC,@ Burnley FC,Promoted,1757.0,1518.0,2.2,0.83,Anfield West,0.66,0.19,0.15
English Premier League,2026-02-28,Tottenham Hotspur FC,@ Fulham FC,L 2-0,1768.0,1683.0,1.72,1.42,Anfield West,0.43,0.27,0.3
English Premier League,2026-02-28,Crystal Palace FC,@ Manchester United FC,W 0-2,1840.0,1763.0,1.57,1.65,Anfield West,0.36,0.2,0.44
English Premier League,2026-02-28,Manchester City FC,@ Leeds United AFC,Promoted,1953.0,1520.0,2.93,0.21,Anfield West,0.85,0.13,0.02
English Premier League,2026-02-28,Nottingham Forest FC,@ Brighton & Hove Albion FC,D 2-2,1711.0,1805.0,1.85,1.14,Anfield West,0.47,0.22,0.31
English Premier League,2026-02-28,West Ham United FC,@ Liverpool FC,L 2-1,1629.0,1886.0,1.31,1.77,Anfield West,0.3,0.2,0.5
English Premier League,2026-02-28,AFC Bournemouth,Sunderland AFC,Promoted,1761.0,1570.0,1.91,1.16,Anfield West,0.59,0.19,0.22
English Premier League,2026-02-28,Fulham FC,Tottenham Hotspur FC,W 2-0,1683.0,1768.0,1.42,1.72,Anfield West,0.3,0.27,0.43
English Premier League,2026-02-28,Arsenal FC,Chelsea FC,W 1-0,2028.0,1939.0,1.6,1.4,Anfield West,0.42,0.26,0.32
English Premier League,2026-02-28,Burnley FC,Brentford FC,Promoted,1518.0,1757.0,0.83,2.2,Anfield West,0.15,0.19,0.66
English Premier League,2026-02-28,Everton FC,@ Newcastle United FC,W 0-1,1723.0,1809.0,1.24,2.09,Anfield West,0.27,0.21,0.52
English Premier League,2026-02-28,Liverpool FC,West Ham United FC,W 2-1,1886.0,1629.0,1.77,1.31,Anfield West,0.5,0.2,0.3
English Premier League,2026-02-28,Leeds United AFC,Manchester City FC,Promoted,1520.0,1953.0,0.21,2.93,Anfield West,0.02,0.13,0.85
English Premier League,2026-02-28,Manchester United FC,Crystal Palace FC,L 0-2,1763.0,1840.0,1.65,1.57,Anfield West,0.44,0.2,0.36
English Premier League,2026-02-28,Newcastle United FC,Everton FC,L 0-1,1809.0,1723.0,2.09,1.24,Anfield West,0.52,0.21,0.27
English Premier League,2026-02-28,Wolverhampton Wanderers FC,Aston Villa FC,W 2-0,1518.0,1866.0,0.5,2.71,Anfield West,0.07,0.1,0.83
English Premier League,2026-02-28,Sunderland AFC,@ AFC Bournemouth,Promoted,1570.0,1761.0,1.16,1.91,Anfield West,0.22,0.19,0.59
English Premier League,2026-02-28,Brighton & Hove Albion FC,Nottingham Forest FC,D 2-2,1805.0,1711.0,1.14,1.85,Anfield West,0.31,0.22,0.47
English Premier League,2026-02-28,Aston Villa FC,@ Wolverhampton Wanderers FC,L 2-0,1866.0,1518.0,2.71,0.5,Anfield West,0.83,0.1,0.07
English Premier League,2026-03-04,Burnley FC,@ Everton FC,Promoted,1518.0,1723.0,0.93,2.28,Anfield West,0.13,0.15,0.72
English Premier League,2026-03-04,Crystal Palace FC,@ Tottenham Hotspur FC,W 0-2,1840.0,1768.0,1.84,1.59,Anfield West,0.52,0.15,0.33
English Premier League,2026-03-04,Newcastle United FC,Manchester United FC,W 4-1,1809.0,1763.0,2.02,1.28,Anfield West,0.54,0.2,0.26
English Premier League,2026-03-04,Manchester City FC,Nottingham Forest FC,W 3-0,1953.0,1711.0,1.52,1.59,Anfield West,0.46,0.18,0.36
English Premier League,2026-03-04,Leeds United AFC,Sunderland AFC,Promoted,1520.0,1570.0,1.69,1.41,Anfield West,0.42,0.23,0.35
English Premier League,2026-03-04,Fulham FC,West Ham United FC,D 1-1,1683.0,1629.0,1.37,1.67,Anfield West,0.37,0.2,0.43
English Premier League,2026-03-04,Everton FC,Burnley FC,Promoted,1723.0,1518.0,2.28,0.93,Anfield West,0.72,0.15,0.13
English Premier League,2026-03-04,Brighton & Hove Albion FC,Arsenal FC,D 1-1,1805.0,2028.0,0.78,2.42,Anfield West,0.11,0.16,0.73
English Premier League,2026-03-04,Aston Villa FC,Chelsea FC,W 2-1,1866.0,1939.0,1.48,1.77,Anfield West,0.31,0.2,0.49
English Premier League,2026-03-04,AFC Bournemouth,Brentford FC,L 1-2,1761.0,1757.0,1.06,2.25,Anfield West,0.18,0.18,0.64
English Premier League,2026-03-04,Brentford FC,@ AFC Bournemouth,W 1-2,1757.0,1761.0,2.25,1.06,Anfield West,0.64,0.18,0.18
English Premier League,2026-03-04,Chelsea FC,@ Aston Villa FC,L 2-1,1939.0,1866.0,1.77,1.48,Anfield West,0.49,0.2,0.31
English Premier League,2026-03-04,Arsenal FC,@ Brighton & Hove Albion FC,D 1-1,2028.0,1805.0,2.42,0.78,Anfield West,0.73,0.16,0.11
English Premier League,2026-03-04,Wolverhampton Wanderers FC,Liverpool FC,L 1-2,1518.0,1886.0,0.82,2.49,Anfield West,0.13,0.12,0.75
English Premier League,2026-03-04,Sunderland AFC,@ Leeds United AFC,Promoted,1570.0,1520.0,1.41,1.69,Anfield West,0.35,0.23,0.42
English Premier League,2026-03-04,Nottingham Forest FC,@ Manchester City FC,L 3-0,1711.0,1953.0,1.59,1.52,Anfield West,0.36,0.18,0.46
English Premier League,2026-03-04,Manchester United FC,@ Newcastle United FC,L 4-1,1763.0,1809.0,1.28,2.02,Anfield West,0.26,0.2,0.54
English Premier League,2026-03-04,Liverpool FC,@ Wolverhampton Wanderers FC,W 1-2,1886.0,1518.0,2.49,0.82,Anfield West,0.75,0.12,0.13
English Premier League,2026-03-04,West Ham United FC,@ Fulham FC,D 1-1,1629.0,1683.0,1.67,1.37,Anfield West,0.43,0.2,0.37
English Premier League,2026-03-04,Tottenham Hotspur FC,Crystal Palace FC,L 0-2,1768.0,1840.0,1.59,1.84,Anfield West,0.33,0.15,0.52
English Premier League,2026-03-14,West Ham United FC,Manchester City FC,L 1-3,1629.0,1953.0,1.07,1.94,Anfield West,0.21,0.2,0.59
English Premier League,2026-03-14,AFC Bournemouth,@ Burnley FC,Promoted,1761.0,1518.0,1.72,1.53,Anfield West,0.41,0.23,0.36
English Premier League,2026-03-14,Newcastle United FC,@ Chelsea FC,L 2-1,1809.0,1939.0,1.03,1.87,Anfield West,0.21,0.21,0.58
English Premier League,2026-03-14,Tottenham Hotspur FC,@ Liverpool FC,L 5-1,1768.0,1886.0,1.14,2.11,Anfield West,0.21,0.18,0.61
English Premier League,2026-03-14,Aston Villa FC,@ Manchester United FC,L 2-0,1866.0,1763.0,2.38,1.06,Anfield West,0.68,0.16,0.16
English Premier League,2026-03-14,Fulham FC,@ Nottingham Forest FC,W 0-1,1683.0,1711.0,1.02,2.13,Anfield West,0.2,0.17,0.63
English Premier League,2026-03-14,Nottingham Forest FC,Fulham FC,L 0-1,1711.0,1683.0,2.13,1.02,Anfield West,0.63,0.17,0.2
English Premier League,2026-03-14,Leeds United AFC,@ Crystal Palace FC,Promoted,1520.0,1840.0,0.41,2.74,Anfield West,0.03,0.11,0.86
English Premier League,2026-03-14,Brighton & Hove Albion FC,@ Sunderland AFC,Promoted,1805.0,1570.0,2.61,0.49,Anfield West,0.79,0.15,0.06
English Premier League,2026-03-14,Manchester City FC,@ West Ham United FC,W 1-3,1953.0,1629.0,1.94,1.07,Anfield West,0.59,0.2,0.21
English Premier League,2026-03-14,Wolverhampton Wanderers FC,@ Brentford FC,L 5-3,1518.0,1757.0,1.0,1.83,Anfield West,0.19,0.24,0.57
English Premier League,2026-03-14,Everton FC,@ Arsenal FC,D 0-0,1723.0,2028.0,0.64,2.6,Anfield West,0.1,0.12,0.78
English Premier League,2026-03-14,Manchester United FC,Aston Villa FC,W 2-0,1763.0,1866.0,1.06,2.38,Anfield West,0.16,0.16,0.68
English Premier League,2026-03-14,Liverpool FC,Tottenham Hotspur FC,W 5-1,1886.0,1768.0,2.11,1.14,Anfield West,0.61,0.18,0.21
English Premier League,2026-03-14,Chelsea FC,Newcastle United FC,W 2-1,1939.0,1809.0,1.87,1.03,Anfield West,0.58,0.21,0.21
English Premier League,2026-03-14,Burnley FC,AFC Bournemouth,Promoted,1518.0,1761.0,1.53,1.72,Anfield West,0.36,0.23,0.41
English Premier League,2026-03-14,Brentford FC,Wolverhampton Wanderers FC,W 5-3,1757.0,1518.0,1.83,1.0,Anfield West,0.57,0.24,0.19
English Premier League,2026-03-14,Arsenal FC,Everton FC,D 0-0,2028.0,1723.0,2.6,0.64,Anfield West,0.78,0.12,0.1
English Premier League,2026-03-14,Crystal Palace FC,Leeds United AFC,Promoted,1840.0,1520.0,2.74,0.41,Anfield West,0.86,0.11,0.03
English Premier League,2026-03-14,Sunderland AFC,Brighton & Hove Albion FC,Promoted,1570.0,1805.0,0.49,2.61,Anfield West,0.06,0.15,0.79
English Premier League,2026-03-21,Burnley FC,@ Fulham FC,Promoted,1518.0,1683.0,0.8,2.17,Anfield West,0.14,0.13,0.73
English Premier League,2026-03-21,Crystal Palace FC,@ Manchester City FC,L 5-2,1840.0,1953.0,1.17,1.93,Anfield West,0.2,0.22,0.58
English Premier League,2026-03-21,Chelsea FC,@ Everton FC,D 0-0,1939.0,1723.0,2.63,0.7,Anfield West,0.75,0.2,0.05
English Premier League,2026-03-21,Sunderland AFC,@ Newcastle United FC,Promoted,1570.0,1809.0,0.31,3.03,Anfield West,0.01,0.13,0.86
English Premier League,2026-03-21,Liverpool FC,@ Brighton & Hove Albion FC,L 3-2,1886.0,1805.0,1.68,1.41,Anfield West,0.4,0.3,0.3
English Premier League,2026-03-21,Brentford FC,@ Leeds United AFC,Promoted,1757.0,1520.0,2.5,0.83,Anfield West,0.75,0.19,0.06
English Premier League,2026-03-21,Manchester United FC,@ AFC Bournemouth,D 1-1,1763.0,1761.0,1.79,0.97,Anfield West,0.58,0.22,0.2
English Premier League,2026-03-21,West Ham United FC,@ Aston Villa FC,D 1-1,1629.0,1866.0,1.03,2.11,Anfield West,0.19,0.2,0.61
English Premier League,2026-03-21,AFC Bournemouth,Manchester United FC,D 1-1,1761.0,1763.0,0.97,1.79,Anfield West,0.2,0.22,0.58
English Premier League,2026-03-21,Aston Villa FC,West Ham United FC,D 1-1,1866.0,1629.0,2.11,1.03,Anfield West,0.61,0.2,0.19
English Premier League,2026-03-21,Brighton & Hove Albion FC,Liverpool FC,W 3-2,1805.0,1886.0,1.41,1.68,Anfield West,0.3,0.3,0.4
English Premier League,2026-03-21,Everton FC,Chelsea FC,D 0-0,1723.0,1939.0,0.7,2.63,Anfield West,0.05,0.2,0.75
English Premier League,2026-03-21,Fulham FC,Burnley FC,Promoted,1683.0,1518.0,2.17,0.8,Anfield West,0.73,0.13,0.14
English Premier League,2026-03-21,Leeds United AFC,Brentford FC,Promoted,1520.0,1757.0,0.83,2.5,Anfield West,0.06,0.19,0.75
English Premier League,2026-03-21,Manchester City FC,Crystal Palace FC,W 5-2,1953.0,1840.0,1.93,1.17,Anfield West,0.58,0.22,0.2
English Premier League,2026-03-21,Newcastle United FC,Sunderland AFC,Promoted,1809.0,1570.0,3.03,0.31,Anfield West,0.86,0.13,0.01
English Premier League,2026-03-21,Nottingham Forest FC,@ Tottenham Hotspur FC,W 1-2,1711.0,1768.0,2.35,1.05,Anfield West,0.67,0.21,0.12
English Premier League,2026-03-21,Wolverhampton Wanderers FC,Arsenal FC,L 0-1,1518.0,2028.0,0.3,2.68,Anfield West,0.02,0.08,0.9
English Premier League,2026-03-21,Arsenal FC,@ Wolverhampton Wanderers FC,W 0-1,2028.0,1518.0,2.68,0.3,Anfield West,0.9,0.08,0.02
English Premier League,2026-03-21,Tottenham Hotspur FC,Nottingham Forest FC,L 1-2,1768.0,1711.0,1.05,2.35,Anfield West,0.12,0.21,0.67
English Premier League,2026-04-11,Sunderland AFC,Tottenham Hotspur FC,Promoted,1570.0,1768.0,0.59,2.33,Anfield West,0.06,0.15,0.79
English Premier League,2026-04-11,Crystal Palace FC,Newcastle United FC,D 1-1,1840.0,1809.0,1.4,1.45,Anfield West,0.41,0.2,0.39
English Premier League,2026-04-11,Arsenal FC,AFC Bournemouth,L 1-2,2028.0,1761.0,3.08,0.23,Anfield West,0.92,0.06,0.02
English Premier League,2026-04-11,Brentford FC,Everton FC,D 1-1,1757.0,1723.0,1.91,1.3,Anfield West,0.56,0.16,0.28
English Premier League,2026-04-11,Burnley FC,Brighton & Hove Albion FC,Promoted,1518.0,1805.0,1.19,1.95,Anfield West,0.27,0.2,0.53
English Premier League,2026-04-11,Chelsea FC,Manchester City FC,L 0-2,1939.0,1953.0,1.75,1.13,Anfield West,0.49,0.23,0.28
English Premier League,2026-04-11,Liverpool FC,Fulham FC,D 2-2,1886.0,1683.0,1.89,1.11,Anfield West,0.55,0.21,0.24
English Premier League,2026-04-11,Manchester United FC,Leeds United AFC,Promoted,1763.0,1520.0,2.75,0.7,Anfield West,0.84,0.1,0.06
English Premier League,2026-04-11,Nottingham Forest FC,Aston Villa FC,W 2-1,1711.0,1866.0,1.59,1.65,Anfield West,0.36,0.22,0.42
English Premier League,2026-04-11,West Ham United FC,Wolverhampton Wanderers FC,W 2-1,1629.0,1518.0,2.39,0.99,Anfield West,0.68,0.18,0.14
English Premier League,2026-04-11,Wolverhampton Wanderers FC,@ West Ham United FC,L 2-1,1518.0,1629.0,0.99,2.39,Anfield West,0.14,0.18,0.68
English Premier League,2026-04-11,Newcastle United FC,@ Crystal Palace FC,D 1-1,1809.0,1840.0,1.45,1.4,Anfield West,0.39,0.2,0.41
English Premier League,2026-04-11,Tottenham Hotspur FC,@ Sunderland AFC,Promoted,1768.0,1570.0,2.33,0.59,Anfield West,0.79,0.15,0.06
English Premier League,2026-04-11,AFC Bournemouth,@ Arsenal FC,W 1-2,1761.0,2028.0,0.23,3.08,Anfield West,0.02,0.06,0.92
English Premier League,2026-04-11,Everton FC,@ Brentford FC,D 1-1,1723.0,1757.0,1.3,1.91,Anfield West,0.28,0.16,0.56
English Premier League,2026-04-11,Brighton & Hove Albion FC,@ Burnley FC,Promoted,1805.0,1518.0,1.95,1.19,Anfield West,0.53,0.2,0.27
English Premier League,2026-04-11,Manchester City FC,@ Chelsea FC,W 0-2,1953.0,1939.0,1.13,1.75,Anfield West,0.28,0.23,0.49
English Premier League,2026-04-11,Fulham FC,@ Liverpool FC,D 2-2,1683.0,1886.0,1.11,1.89,Anfield West,0.24,0.21,0.55
English Premier League,2026-04-11,Leeds United AFC,@ Manchester United FC,Promoted,1520.0,1763.0,0.7,2.75,Anfield West,0.06,0.1,0.84
English Premier League,2026-04-11,Aston Villa FC,@ Nottingham Forest FC,L 2-1,1866.0,1711.0,1.65,1.59,Anfield West,0.42,0.22,0.36
English Premier League,2026-04-18,Nottingham Forest FC,Burnley FC,Promoted,1711.0,1518.0,3.25,0.49,Anfield West,0.88,0.08,0.04
English Premier League,2026-04-18,Aston Villa FC,Sunderland AFC,Promoted,1866.0,1570.0,3.05,0.17,Anfield West,0.93,0.04,0.03
English Premier League,2026-04-18,Crystal Palace FC,West Ham United FC,L 0-2,1840.0,1629.0,1.67,1.43,Anfield West,0.44,0.21,0.35
English Premier League,2026-04-18,Brentford FC,Fulham FC,L 2-3,1757.0,1683.0,1.5,1.49,Anfield West,0.38,0.25,0.37
English Premier League,2026-04-18,Brighton & Hove Albion FC,@ Tottenham Hotspur FC,W 1-4,1805.0,1768.0,1.52,1.35,Anfield West,0.39,0.27,0.34
English Premier League,2026-04-18,Chelsea FC,Manchester United FC,W 1-0,1939.0,1763.0,2.34,0.81,Anfield West,0.73,0.13,0.14
English Premier League,2026-04-18,Tottenham Hotspur FC,Brighton & Hove Albion FC,L 1-4,1768.0,1805.0,1.35,1.52,Anfield West,0.34,0.27,0.39
English Premier League,2026-04-18,Everton FC,Liverpool FC,D 2-2,1723.0,1886.0,0.94,2.35,Anfield West,0.14,0.18,0.68
English Premier League,2026-04-18,AFC Bournemouth,@ Newcastle United FC,W 1-4,1761.0,1809.0,0.75,2.51,Anfield West,0.09,0.15,0.76
English Premier League,2026-04-18,Sunderland AFC,@ Aston Villa FC,Promoted,1570.0,1866.0,0.17,3.05,Anfield West,0.03,0.04,0.93
English Premier League,2026-04-18,Burnley FC,@ Nottingham Forest FC,Promoted,1518.0,1711.0,0.49,3.25,Anfield West,0.04,0.08,0.88
English Premier League,2026-04-18,Manchester City FC,Arsenal FC,D 2-2,1953.0,2028.0,1.29,1.74,Anfield West,0.26,0.27,0.47
English Premier League,2026-04-18,Arsenal FC,@ Manchester City FC,D 2-2,2028.0,1953.0,1.74,1.29,Anfield West,0.47,0.27,0.26
English Premier League,2026-04-18,Wolverhampton Wanderers FC,@ Leeds United AFC,Promoted,1518.0,1520.0,1.74,1.21,Anfield West,0.45,0.21,0.34
English Premier League,2026-04-18,Liverpool FC,@ Everton FC,D 2-2,1886.0,1723.0,2.35,0.94,Anfield West,0.68,0.18,0.14
English Premier League,2026-04-18,Manchester United FC,@ Chelsea FC,L 1-0,1763.0,1939.0,0.81,2.34,Anfield West,0.14,0.13,0.73
English Premier League,2026-04-18,Fulham FC,@ Brentford FC,W 2-3,1683.0,1757.0,1.49,1.5,Anfield West,0.37,0.25,0.38
English Premier League,2026-04-18,West Ham United FC,@ Crystal Palace FC,W 0-2,1629.0,1840.0,1.43,1.67,Anfield West,0.35,0.21,0.44
English Premier League,2026-04-18,Newcastle United FC,AFC Bournemouth,L 1-4,1809.0,1761.0,2.51,0.75,Anfield West,0.76,0.15,0.09
English Premier League,2026-04-18,Leeds United AFC,Wolverhampton Wanderers FC,Promoted,1520.0,1518.0,1.21,1.74,Anfield West,0.34,0.21,0.45
English Premier League,2026-04-25,Brighton & Hove Albion FC,Chelsea FC,W 3-0,1805.0,1939.0,0.61,2.57,Anfield West,0.08,0.13,0.79
English Premier League,2026-04-25,Sunderland AFC,Nottingham Forest FC,Promoted,1570.0,1711.0,0.17,2.89,Anfield West,0.01,0.08,0.91
English Premier League,2026-04-25,Leeds United AFC,@ AFC Bournemouth,Promoted,1520.0,1761.0,1.09,2.0,Anfield West,0.27,0.17,0.56
English Premier League,2026-04-25,Nottingham Forest FC,@ Sunderland AFC,Promoted,1711.0,1570.0,2.89,0.17,Anfield West,0.91,0.08,0.01
English Premier League,2026-04-25,Chelsea FC,@ Brighton & Hove Albion FC,L 3-0,1939.0,1805.0,2.57,0.61,Anfield West,0.79,0.13,0.08
English Premier League,2026-04-25,Newcastle United FC,@ Arsenal FC,L 1-0,1809.0,2028.0,1.14,1.87,Anfield West,0.24,0.17,0.59
English Premier League,2026-04-25,Manchester City FC,@ Burnley FC,Promoted,1953.0,1518.0,2.91,0.43,Anfield West,0.89,0.09,0.02
English Premier League,2026-04-25,Aston Villa FC,@ Fulham FC,W 1-3,1866.0,1683.0,1.91,1.2,Anfield West,0.55,0.22,0.23
English Premier League,2026-04-25,Crystal Palace FC,@ Liverpool FC,D 1-1,1840.0,1886.0,1.46,1.73,Anfield West,0.39,0.18,0.43
English Premier League,2026-04-25,AFC Bournemouth,Leeds United AFC,Promoted,1761.0,1520.0,2.0,1.09,Anfield West,0.56,0.17,0.27
English Premier League,2026-04-25,Brentford FC,@ Manchester United FC,L 2-1,1757.0,1763.0,1.34,1.57,Anfield West,0.33,0.23,0.44
English Premier League,2026-04-25,Tottenham Hotspur FC,@ Wolverhampton Wanderers FC,L 4-2,1768.0,1518.0,1.92,1.22,Anfield West,0.54,0.17,0.29
English Premier League,2026-04-25,Wolverhampton Wanderers FC,Tottenham Hotspur FC,W 4-2,1518.0,1768.0,1.22,1.92,Anfield West,0.29,0.17,0.54
English Premier League,2026-04-25,Manchester United FC,Brentford FC,W 2-1,1763.0,1757.0,1.57,1.34,Anfield West,0.44,0.23,0.33
English Premier League,2026-04-25,Liverpool FC,Crystal Palace FC,D 1-1,1886.0,1840.0,1.73,1.46,Anfield West,0.43,0.18,0.39
English Premier League,2026-04-25,Fulham FC,Aston Villa FC,L 1-3,1683.0,1866.0,1.2,1.91,Anfield West,0.23,0.22,0.55
English Premier League,2026-04-25,Burnley FC,Manchester City FC,Promoted,1518.0,1953.0,0.43,2.91,Anfield West,0.02,0.09,0.89
English Premier League,2026-04-25,Arsenal FC,Newcastle United FC,W 1-0,2028.0,1809.0,1.87,1.14,Anfield West,0.59,0.17,0.24
English Premier League,2026-04-25,Everton FC,@ West Ham United FC,D 0-0,1723.0,1629.0,1.45,1.68,Anfield West,0.32,0.2,0.48
English Premier League,2026-04-25,West Ham United FC,Everton FC,D 0-0,1629.0,1723.0,1.68,1.45,Anfield West,0.48,0.2,0.32
English Premier League,2026-05-02,Brighton & Hove Albion FC,@ Newcastle United FC,W 0-1,1805.0,1809.0,1.14,2.33,Anfield West,0.19,0.17,0.64
English Premier League,2026-05-02,Aston Villa FC,Tottenham Hotspur FC,W 2-0,1866.0,1768.0,2.02,1.0,Anfield West,0.63,0.16,0.21
English Premier League,2026-05-02,Liverpool FC,@ Manchester United FC,W 0-3,1886.0,1763.0,1.91,1.27,Anfield West,0.57,0.18,0.25
English Premier League,2026-05-02,Burnley FC,@ Leeds United AFC,Promoted,1518.0,1520.0,1.81,1.24,Anfield West,0.55,0.16,0.29
English Premier League,2026-05-02,Manchester City FC,@ Everton FC,W 0-2,1953.0,1723.0,2.28,0.77,Anfield West,0.71,0.17,0.12
English Premier League,2026-05-02,Nottingham Forest FC,@ Chelsea FC,D 1-1,1711.0,1939.0,1.34,1.62,Anfield West,0.36,0.23,0.41
English Premier League,2026-05-02,West Ham United FC,@ Brentford FC,D 1-1,1629.0,1757.0,1.71,1.34,Anfield West,0.45,0.23,0.32
English Premier League,2026-05-02,Fulham FC,@ Arsenal FC,L 2-1,1683.0,2028.0,0.84,2.52,Anfield West,0.1,0.17,0.73
English Premier League,2026-05-02,Tottenham Hotspur FC,@ Aston Villa FC,L 2-0,1768.0,1866.0,1.0,2.02,Anfield West,0.21,0.16,0.63
English Premier League,2026-05-02,AFC Bournemouth,Crystal Palace FC,D 0-0,1761.0,1840.0,0.91,2.05,Anfield West,0.2,0.17,0.63
English Premier League,2026-05-02,Crystal Palace FC,@ AFC Bournemouth,D 0-0,1840.0,1761.0,2.05,0.91,Anfield West,0.63,0.17,0.2
English Premier League,2026-05-02,Sunderland AFC,@ Wolverhampton Wanderers FC,Promoted,1570.0,1518.0,0.72,2.42,Anfield West,0.08,0.17,0.75
English Premier League,2026-05-02,Manchester United FC,Liverpool FC,L 0-3,1763.0,1886.0,1.27,1.91,Anfield West,0.25,0.18,0.57
English Premier League,2026-05-02,Leeds United AFC,Burnley FC,Promoted,1520.0,1518.0,1.24,1.81,Anfield West,0.29,0.16,0.55
English Premier League,2026-05-02,Everton FC,Manchester City FC,L 0-2,1723.0,1953.0,0.77,2.28,Anfield West,0.12,0.17,0.71
English Premier League,2026-05-02,Chelsea FC,Nottingham Forest FC,D 1-1,1939.0,1711.0,1.62,1.34,Anfield West,0.41,0.23,0.36
English Premier League,2026-05-02,Brentford FC,West Ham United FC,D 1-1,1757.0,1629.0,1.34,1.71,Anfield West,0.32,0.23,0.45
English Premier League,2026-05-02,Arsenal FC,Fulham FC,W 2-1,2028.0,1683.0,2.52,0.84,Anfield West,0.73,0.17,0.1
English Premier League,2026-05-02,Wolverhampton Wanderers FC,Sunderland AFC,Promoted,1518.0,1570.0,2.42,0.72,Anfield West,0.75,0.17,0.08
English Premier League,2026-05-02,Newcastle United FC,Brighton & Hove Albion FC,L 0-1,1809.0,1805.0,2.33,1.14,Anfield West,0.64,0.17,0.19
English Premier League,2026-05-09,Crystal Palace FC,Everton FC,L 1-2,1840.0,1723.0,1.98,1.05,Anfield West,0.58,0.2,0.22
English Premier League,2026-05-09,Brighton & Hove Albion FC,Wolverhampton Wanderers FC,D 2-2,1805.0,1518.0,1.98,1.35,Anfield West,0.59,0.15,0.26
English Premier League,2026-05-09,Sunderland AFC,Manchester United FC,Promoted,1570.0,1763.0,0.46,2.72,Anfield West,0.05,0.11,0.84
English Premier League,2026-05-09,Arsenal FC,@ West Ham United FC,W 2-5,2028.0,1629.0,2.24,0.78,Anfield West,0.73,0.12,0.15
English Premier League,2026-05-09,Leeds United AFC,@ Tottenham Hotspur FC,Promoted,1520.0,1768.0,0.78,2.23,Anfield West,0.17,0.11,0.72
English Premier League,2026-05-09,Newcastle United FC,@ Nottingham Forest FC,W 1-3,1809.0,1711.0,1.36,1.83,Anfield West,0.24,0.22,0.54
English Premier League,2026-05-09,Brentford FC,@ Manchester City FC,L 2-1,1757.0,1953.0,1.11,2.05,Anfield West,0.25,0.2,0.55
English Premier League,2026-05-09,Chelsea FC,@ Liverpool FC,L 2-1,1939.0,1886.0,2.29,1.21,Anfield West,0.57,0.21,0.22
English Premier League,2026-05-09,AFC Bournemouth,@ Fulham FC,D 2-2,1761.0,1683.0,1.03,2.14,Anfield West,0.16,0.19,0.65
English Premier League,2026-05-09,Everton FC,@ Crystal Palace FC,W 1-2,1723.0,1840.0,1.05,1.98,Anfield West,0.22,0.2,0.58
English Premier League,2026-05-09,Aston Villa FC,@ Burnley FC,Promoted,1866.0,1518.0,2.7,0.37,Anfield West,0.83,0.11,0.06
English Premier League,2026-05-09,Manchester United FC,@ Sunderland AFC,Promoted,1763.0,1570.0,2.72,0.46,Anfield West,0.84,0.11,0.05
English Premier League,2026-05-09,West Ham United FC,Arsenal FC,L 2-5,1629.0,2028.0,0.78,2.24,Anfield West,0.15,0.12,0.73
English Premier League,2026-05-09,Tottenham Hotspur FC,Leeds United AFC,Promoted,1768.0,1520.0,2.23,0.78,Anfield West,0.72,0.11,0.17
English Premier League,2026-05-09,Nottingham Forest FC,Newcastle United FC,L 1-3,1711.0,1809.0,1.83,1.36,Anfield West,0.54,0.22,0.24
English Premier League,2026-05-09,Manchester City FC,Brentford FC,W 2-1,1953.0,1757.0,2.05,1.11,Anfield West,0.55,0.2,0.25
English Premier League,2026-05-09,Liverpool FC,Chelsea FC,W 2-1,1886.0,1939.0,1.21,2.29,Anfield West,0.22,0.21,0.57
English Premier League,2026-05-09,Fulham FC,AFC Bournemouth,D 2-2,1683.0,1761.0,2.14,1.03,Anfield West,0.65,0.19,0.16
English Premier League,2026-05-09,Burnley FC,Aston Villa FC,Promoted,1518.0,1866.0,0.37,2.7,Anfield West,0.06,0.11,0.83
English Premier League,2026-05-09,Wolverhampton Wanderers FC,@ Brighton & Hove Albion FC,D 2-2,1518.0,1805.0,1.35,1.98,Anfield West,0.26,0.15,0.59
English Premier League,2026-05-17,Burnley FC,@ Arsenal FC,Promoted,1518.0,2028.0,0.24,3.28,Anfield West,0.02,0.04,0.94
English Premier League,2026-05-17,Manchester City FC,@ AFC Bournemouth,L 2-1,1953.0,1761.0,2.49,0.59,Anfield West,0.77,0.13,0.1
English Premier League,2026-05-17,Liverpool FC,@ Aston Villa FC,D 2-2,1886.0,1866.0,1.33,1.79,Anfield West,0.32,0.23,0.45
English Premier League,2026-05-17,Crystal Palace FC,@ Brentford FC,L 2-1,1840.0,1757.0,1.51,1.16,Anfield West,0.44,0.24,0.32
English Premier League,2026-05-17,West Ham United FC,@ Newcastle United FC,W 0-2,1629.0,1809.0,1.26,1.87,Anfield West,0.28,0.21,0.51
English Premier League,2026-05-17,Brighton & Hove Albion FC,@ Leeds United AFC,Promoted,1805.0,1520.0,2.37,0.71,Anfield West,0.74,0.11,0.15
English Premier League,2026-05-17,Nottingham Forest FC,@ Manchester United FC,W 2-3,1711.0,1763.0,2.35,0.91,Anfield West,0.66,0.15,0.19
English Premier League,2026-05-17,Fulham FC,@ Wolverhampton Wanderers FC,W 1-2,1683.0,1518.0,1.95,1.11,Anfield West,0.58,0.23,0.19
English Premier League,2026-05-17,Wolverhampton Wanderers FC,Fulham FC,L 1-2,1518.0,1683.0,1.11,1.95,Anfield West,0.19,0.23,0.58
English Premier League,2026-05-17,Newcastle United FC,West Ham United FC,L 0-2,1809.0,1629.0,1.87,1.26,Anfield West,0.51,0.21,0.28
English Premier League,2026-05-17,Manchester United FC,Nottingham Forest FC,L 2-3,1763.0,1711.0,0.91,2.35,Anfield West,0.19,0.15,0.66
English Premier League,2026-05-17,Leeds United AFC,Brighton & Hove Albion FC,Promoted,1520.0,1805.0,0.71,2.37,Anfield West,0.15,0.11,0.74
English Premier League,2026-05-17,Everton FC,Sunderland AFC,Promoted,1723.0,1570.0,2.3,0.77,Anfield West,0.72,0.13,0.15
English Premier League,2026-05-17,Chelsea FC,Tottenham Hotspur FC,W 1-0,1939.0,1768.0,2.46,0.69,Anfield West,0.8,0.1,0.1
English Premier League,2026-05-17,Brentford FC,Crystal Palace FC,W 2-1,1757.0,1840.0,1.16,1.51,Anfield West,0.32,0.24,0.44
English Premier League,2026-05-17,Arsenal FC,Burnley FC,Promoted,2028.0,1518.0,3.28,0.24,Anfield West,0.94,0.04,0.02
English Premier League,2026-05-17,Aston Villa FC,Liverpool FC,D 2-2,1866.0,1886.0,1.79,1.33,Anfield West,0.45,0.23,0.32
English Premier League,2026-05-17,AFC Bournemouth,Manchester City FC,W 2-1,1761.0,1953.0,0.59,2.49,Anfield West,0.1,0.13,0.77
English Premier League,2026-05-17,Tottenham Hotspur FC,@ Chelsea FC,L 1-0,1768.0,1939.0,0.69,2.46,Anfield West,0.1,0.1,0.8
English Premier League,2026-05-17,Sunderland AFC,@ Everton FC,Promoted,1570.0,1723.0,0.77,2.3,Anfield West,0.15,0.13,0.72
English Premier League,2026-05-24,Brentford FC,@ Liverpool FC,L 2-0,1757.0,1886.0,1.22,1.62,Anfield West,0.29,0.29,0.42
English Premier League,2026-05-24,Brighton & Hove Albion FC,Manchester United FC,W 2-1,1805.0,1763.0,1.54,1.84,Anfield West,0.36,0.2,0.44
English Premier League,2026-05-24,West Ham United FC,Leeds United AFC,Promoted,1629.0,1520.0,2.19,0.76,Anfield West,0.64,0.17,0.19
English Premier League,2026-05-24,Tottenham Hotspur FC,Everton FC,W 4-0,1768.0,1723.0,1.83,1.11,Anfield West,0.54,0.19,0.27
English Premier League,2026-05-24,Manchester United FC,@ Brighton & Hove Albion FC,L 2-1,1763.0,1805.0,1.84,1.54,Anfield West,0.44,0.2,0.36
English Premier League,2026-05-24,Arsenal FC,@ Crystal Palace FC,W 1-5,2028.0,1840.0,2.62,1.0,Anfield West,0.72,0.13,0.15
English Premier League,2026-05-24,Wolverhampton Wanderers FC,@ Burnley FC,Promoted,1518.0,1518.0,2.05,1.52,Anfield West,0.55,0.16,0.29
English Premier League,2026-05-24,Newcastle United FC,@ Fulham FC,L 3-1,1809.0,1683.0,2.0,1.29,Anfield West,0.53,0.22,0.25
English Premier League,2026-05-24,Aston Villa FC,@ Manchester City FC,L 2-1,1866.0,1953.0,1.31,1.41,Anfield West,0.27,0.36,0.37
English Premier League,2026-05-24,Sunderland AFC,Chelsea FC,Promoted,1570.0,1939.0,0.17,3.71,Anfield West,0.01,0.05,0.94
English Premier League,2026-05-24,AFC Bournemouth,@ Nottingham Forest FC,D 1-1,1761.0,1711.0,0.34,3.08,Anfield West,0.01,0.07,0.92
English Premier League,2026-05-24,Leeds United AFC,@ West Ham United FC,Promoted,1520.0,1629.0,0.76,2.19,Anfield West,0.19,0.17,0.64
English Premier League,2026-05-24,Nottingham Forest FC,AFC Bournemouth,D 1-1,1711.0,1761.0,3.08,0.34,Anfield West,0.92,0.07,0.01
English Premier League,2026-05-24,Manchester City FC,Aston Villa FC,W 2-1,1953.0,1866.0,1.41,1.31,Anfield West,0.37,0.36,0.27
English Premier League,2026-05-24,Liverpool FC,Brentford FC,W 2-0,1886.0,1757.0,1.62,1.22,Anfield West,0.42,0.29,0.29
English Premier League,2026-05-24,Fulham FC,Newcastle United FC,W 3-1,1683.0,1809.0,1.29,2.0,Anfield West,0.25,0.22,0.53
English Premier League,2026-05-24,Burnley FC,Wolverhampton Wanderers FC,Promoted,1518.0,1518.0,1.52,2.05,Anfield West,0.29,0.16,0.55
English Premier League,2026-05-24,Crystal Palace FC,Arsenal FC,L 1-5,1840.0,2028.0,1.0,2.62,Anfield West,0.15,0.13,0.72
English Premier League,2026-05-24,Everton FC,@ Tottenham Hotspur FC,L 4-0,1723.0,1768.0,1.11,1.83,Anfield West,0.27,0.19,0.54
English Premier League,2026-05-24,Chelsea FC,@ Sunderland AFC,Promoted,1939.0,1570.0,3.71,0.17,Anfield West,0.94,0.05,0.01
